Id,Level,type,Words,Desc,Confuse
int,int,int,string,string,string
ID,等级,"1:普通
2：两个字干扰",单词,解释,干扰
1,1,2,风和日丽,,干燥
2,1,2,婆婆妈妈,,爹地
3,1,2,老王卖瓜,,大巡
4,1,2,地广人稀,,大博
5,1,2,童言无忌,,小猜
6,1,2,形影不离,,似想
7,1,2,死不瞑目,,转想
8,1,2,顺藤摸瓜,,桃李
9,1,2,络绎不绝,,口赞
10,1,2,流连忘返,,山道
11,1,2,漫不经心,,条理
12,1,2,慢条斯理,,不心
13,1,2,座无虚席,,四环
14,1,2,下井投石,,掉叶
15,1,2,远交近攻,,山水
16,1,2,如痴如醉,,火虎
17,1,2,三更半夜,,五次
18,1,2,山崩地裂,,川广
19,1,2,破罐破摔,,锅碗
20,1,2,精雕细琢,,神抖
21,1,2,安如磐石,,坐山
22,1,2,借酒消愁,,水火
23,1,2,名不符实,,坐其
24,1,2,口干舌焦,,水流
25,1,2,风靡一时,,雨同
26,1,2,蜂拥而上,,蜜下
27,1,2,祸从口出,,福嘴
28,1,2,兵临城下,,池军
29,1,2,画蛇添足,,脚多
30,1,2,齐头并进,,足退
31,1,2,顾名思义,,不可
32,1,2,黄粱一梦,,高乡
33,1,2,打草惊蛇,,虎讶
34,1,2,不拘小节,,可同
35,1,2,求同存异,,发展
36,1,2,变本加厉,,相害
37,1,2,断章取义,,文仁
38,1,2,飞来横祸,,瀑布
39,1,2,大海捞针,,打鱼
40,1,2,搬弄是非,,门刀
41,1,2,恨之入骨,,透心
42,1,2,千疮百孔,,万脓
43,1,2,顺理成章,,断取
44,1,2,津津有味,,无盗
45,1,2,哭天抹泪,,撼地
46,1,2,呕心沥血,,肝脉
47,1,2,落井下石,,水海
48,1,2,门庭若市,,班造
49,1,2,炉火纯青,,水相
50,1,2,略知一二,,三四
51,1,2,冷眼旁观,,边看
52,1,2,琳琅满目,,不转
53,1,2,良莠不齐,,秀有
54,1,2,面红耳赤,,白黑
55,1,2,江郎才尽,,子中
56,1,2,家贫如洗,,道落
57,1,2,名落孙山,,榜单
58,1,2,匹夫之勇,,不可
59,1,2,面目可憎,,恨透
60,1,2,气味相投,,香弥
61,1,2,前车之鉴,,后借
62,1,2,默不作声,,出言
63,1,2,奇耻大辱,,形怪
64,1,2,不可思议,,明状
65,1,2,江山如画,,清水
66,1,2,伶牙俐齿,,薄利
67,1,2,琴棋书画,,纸砚
68,1,2,深入浅出,,退进
69,1,2,得意忘形,,洋洒
70,1,2,光天化日,,如阴
71,1,2,恩将仇报,,君子
72,1,2,翻江倒海,,山岭
73,1,2,俗不可耐,,得能
74,1,2,鸦雀无声,,鸟语
75,1,2,息息相关,,不觉
76,1,2,弹尽粮绝,,丸地
77,1,2,先入为主,,跑上
78,1,2,垂涎三尺,,四寸
79,1,2,度日如年,,如天
80,1,2,祸不单行,,车骑
81,1,2,助纣为虐,,人勒
82,1,2,闻风丧胆,,虎心
83,1,2,情有可原,,不谅
84,1,2,拭目以待,,观看
85,1,2,目不暇接,,承转
86,1,2,不可理喻,,明状
87,1,2,坐吃山空,,立不
88,1,2,削足适履,,发尼
89,1,2,方兴未艾,,自怨
90,1,2,高朋满座,,就友
91,1,2,出奇制胜,,不意
92,1,2,虚无缥缈,,朦胧
93,1,2,舞文弄墨,,班斧
94,1,2,一蹴而就,,出立
95,1,2,勇冠三军,,敢亚
96,1,2,所向披靡,,无底
97,1,2,言为心声,,简意
98,1,2,天马行空,,流星
99,1,2,鸟语花香,,不惊
100,1,2,气贯长虹,,焰如
101,1,1,名满天下,,
102,1,1,出生入死,,
103,1,1,风雨同舟,,
104,1,1,风云人物,,
105,1,1,山光水色,,
106,1,1,百年树人,,
107,1,1,自食其言,,
108,1,1,一挥而就,,
109,1,1,素不相识,,
110,1,1,一马平川,,
111,1,1,自暴自弃,,
112,1,1,名符其实,,
113,1,1,失魂落魄,,
114,1,1,一日三秋,,
115,1,1,千娇百媚,,
116,1,1,见景生情,,
117,1,1,面黄肌瘦,,
118,1,1,独当一面,,
119,1,1,似曾相识,,
120,1,1,微不足道,,
121,1,1,嫁鸡随鸡,,
122,1,1,来日方长,,
123,1,1,金鸡独立,,
124,1,1,入乡随俗,,
125,1,1,明目张胆,,
126,1,1,卷土重来,,
127,1,1,奇装异服,,
128,1,1,流言蜚语,,
129,1,1,尽力而为,,
130,1,1,岂有此理,,
131,1,1,青梅竹马,,
132,1,1,不识时务,,
133,1,1,饱经风霜,,
134,1,1,姗姗来迟,,
135,1,1,八仙过海,,
136,1,1,笑逐颜开,,
137,1,1,乘人之危,,
138,1,1,成人之美,,
139,1,1,短小精悍,,
140,1,1,三思而行,,
141,1,1,一本正经,,
142,1,1,一诺千金,,
143,1,1,良辰吉日,,
144,1,1,言外之意,,
145,1,1,无计可施,,
146,1,1,咬文嚼字,,
147,1,1,习以为常,,
148,1,1,一石二鸟,,
149,1,1,一波三折,,
150,1,1,水落石出,,
151,1,1,苦尽甘来,,
152,1,1,里应外合,,
153,1,1,守口如瓶,,
154,1,1,如鱼得水,,
155,1,1,精益求精,,
156,1,1,平起平坐,,
157,1,1,闷闷不乐,,
158,1,1,接二连三,,
159,1,1,目不转睛,,
160,1,1,举棋不定,,
161,1,1,飞黄腾达,,
162,1,1,不伦不类,,
163,1,1,粗茶淡饭,,
164,1,1,外强中干,,
165,1,1,舍生取义,,
166,1,1,血气方刚,,
167,1,1,自强不息,,
168,1,1,振振有词,,
169,1,1,理所当然,,
170,1,1,苦不堪言,,
171,1,1,论功行赏,,
172,1,1,日复一日,,
173,1,1,迫不及待,,
174,1,1,念念不忘,,
175,1,1,见利忘义,,
176,1,1,井井有条,,
177,1,1,九死一生,,
178,1,1,九牛一毛,,
179,1,1,人云亦云,,
180,1,1,半斤八两,,
181,1,1,措手不及,,
182,1,1,大同小异,,
183,1,1,万不得已,,
184,1,1,小鸟依人,,
185,1,1,小巧玲珑,,
186,1,1,无微不至,,
187,1,1,自吹自擂,,
188,1,1,数一数二,,
189,1,1,坐立不安,,
190,1,1,言归于好,,
191,1,1,海底捞针,,
192,1,1,势不两立,,
193,1,1,魂飞魄散,,
194,1,1,苦尽甜来,,
195,1,1,直截了当,,
196,1,1,隐姓埋名,,
197,1,1,浪迹天涯,,
198,1,1,守株待兔,,
199,1,1,千差万别,,
200,1,1,两全其美,,
201,1,1,举手之劳,,
202,1,1,乐不可支,,
203,1,1,拿手好戏,,
204,1,1,烂熟于心,,
205,1,1,三令五申,,
206,1,1,十拿九稳,,
207,1,1,七上八下,,
208,1,1,彬彬有礼,,
209,1,1,德高望重,,
210,1,1,皆大欢喜,,
211,1,1,非分之想,,
212,1,1,昏昏欲睡,,
213,1,1,既往不咎,,
214,1,1,名正言顺,,
215,1,1,天外有天,,
216,1,1,才子佳人,,
217,1,1,有气无力,,
218,1,1,足智多谋,,
219,1,1,学而不厌,,
220,1,1,有口无心,,
221,1,1,生死攸关,,
222,1,1,时不再来,,
223,1,1,口干舌燥,,
224,1,1,六神无主,,
225,1,1,排山倒海,,
226,1,1,怒目而视,,
227,1,1,量入为出,,
228,1,1,千里迢迢,,
229,1,1,寿比南山,,
230,1,1,尽人皆知,,
231,1,1,出人头地,,
232,1,1,不计其数,,
233,1,1,飞蛾扑火,,
234,1,1,风吹草动,,
235,1,1,百无一用,,
236,1,1,后继无人,,
237,1,1,引经据典,,
238,1,1,百年大计,,
239,1,1,日久天长,,
240,1,1,杯盘狼藉,,
241,1,1,呆若木鸡,,
242,1,1,单枪匹马,,
243,1,1,肃然起敬,,
244,1,1,窈窕淑女,,
245,1,1,业精于勤,,
246,1,1,心急如焚,,
247,1,1,心如铁石,,
248,1,1,先声夺人,,
249,1,1,唯唯诺诺,,
250,1,1,无地自容,,
251,1,1,逃之夭夭,,
252,1,1,养精蓄锐,,
253,1,1,徒有虚名,,
254,1,1,循序渐进,,
255,1,1,斩钉截铁,,
256,1,1,忘乎所以,,
257,1,1,一丘之貉,,
258,1,1,追悔莫及,,
259,1,1,罪魁祸首,,
260,1,1,自命不凡,,
261,1,1,相安无事,,
262,1,1,来者不拒,,
263,1,1,焦头烂额,,
264,1,1,乐此不疲,,
265,1,1,失之交臂,,
266,1,1,酒足饭饱,,
267,1,1,轻车熟路,,
268,1,1,前仆后继,,
269,1,1,水到渠成,,
270,1,1,磨刀霍霍,,
271,1,1,满城风雨,,
272,1,1,瞬息万变,,
273,1,1,马失前蹄,,
274,1,1,料事如神,,
275,1,1,毛遂自荐,,
276,1,1,另起炉灶,,
277,1,1,前呼后拥,,
278,1,1,泪如泉涌,,
279,1,1,落落大方,,
280,1,1,就地取材,,
281,1,1,摩拳擦掌,,
282,1,1,据为己有,,
283,1,1,简明扼要,,
284,1,1,名列前茅,,
285,1,1,面不改色,,
286,1,1,坚不可摧,,
287,1,1,面目全非,,
288,1,1,艰难险阻,,
289,1,1,迫在眉睫,,
290,1,1,其乐无穷,,
291,1,1,人各有志,,
292,1,1,金童玉女,,
293,1,1,紧锣密鼓,,
294,1,1,尽善尽美,,
295,1,1,深谋远虑,,
296,1,1,明察秋毫,,
297,1,1,水滴石穿,,
298,1,1,深思熟虑,,
299,1,1,刨根问底,,
300,1,1,将心比心,,
301,1,1,擒贼擒王,,
302,1,1,轻于鸿毛,,
303,1,1,念念有词,,
304,1,1,千载难逢,,
305,1,1,十年寒窗,,
306,1,1,老当益壮,,
307,1,1,锒铛入狱,,
308,1,1,奇谈怪论,,
309,1,1,情不自禁,,
310,1,1,深恶痛绝,,
311,1,1,恰如其分,,
312,1,1,蜻蜓点水,,
313,1,1,洁身自好,,
314,1,1,屈打成招,,
315,1,1,兢兢业业,,
316,1,1,人面兽心,,
317,1,1,忍气吞声,,
318,1,1,如坐针毡,,
319,1,1,立竿见影,,
320,1,1,锦囊妙计,,
321,1,1,神清气爽,,
322,1,1,三年五载,,
323,1,1,告老还乡,,
324,1,1,众口难调,,
325,1,1,优柔寡断,,
326,1,1,欲罢不能,,
327,1,1,阴差阳错,,
328,1,1,狼吞虎咽,,
329,1,1,三头六臂,,
330,1,1,抛头露面,,
331,1,1,轻而易举,,
332,1,1,说三道四,,
333,1,1,石沉大海,,
334,1,1,苟且偷生,,
335,1,1,乘虚而入,,
336,1,1,稳如泰山,,
337,1,1,逆来顺受,,
338,1,1,弹无虚发,,
339,1,1,无动于衷,,
340,1,1,出其不意,,
341,1,1,笨鸟先飞,,
342,1,1,荒无人烟,,
343,1,1,繁花似锦,,
344,1,1,好吃懒做,,
345,1,1,交口称赞,,
346,1,1,拉拉扯扯,,
347,1,1,眉飞色舞,,
348,1,1,扭扭捏捏,,
349,1,1,伤天害理,,
350,1,1,所剩无几,,
351,1,1,歪打正着,,
352,1,1,同归于尽,,
353,1,1,闻所未闻,,
354,1,1,喜怒无常,,
355,1,1,无与伦比,,
356,1,1,铁证如山,,
357,1,1,兴风作浪,,
358,1,1,言归正传,,
359,1,1,显而易见,,
360,1,1,寸草不生,,
361,1,1,返老还童,,
362,1,1,抱头鼠窜,,
363,1,1,恍然大悟,,
364,1,1,辗转反侧,,
365,1,1,握手言和,,
366,1,1,疾风暴雨,,
367,1,1,脍炙人口,,
368,1,1,破镜重圆,,
369,1,1,含笑九泉,,
370,1,1,车水马龙,,
371,1,1,海枯石烂,,
372,1,1,两面三刀,,
373,1,1,万古千秋,,
374,1,1,别开生面,,
375,1,1,后发制人,,
376,1,1,俯首帖耳,,
377,1,1,恩重如山,,
378,1,1,各有千秋,,
379,1,1,作威作福,,
380,1,1,指挥若定,,
381,1,1,心领神会,,
382,1,1,心平气和,,
383,1,1,惩恶扬善,,
384,1,1,锦绣前程,,
385,1,1,南征北战,,
386,1,1,目空一切,,
387,1,1,惊涛骇浪,,
388,1,1,成群结队,,
389,1,1,高谈阔论,,
390,1,1,感慨万千,,
391,1,1,而立之年,,
392,1,1,赤子之心,,
393,1,1,事出有因,,
394,1,1,引人入胜,,
395,1,1,信口开河,,
396,1,1,羊入虎口,,
397,1,1,众志成城,,
398,1,1,山高路远,,
399,1,1,衣锦还乡,,
400,1,1,装聋作哑,,
401,1,1,鸣冤叫屈,,
402,1,1,郑重其事,,
403,1,1,挑肥拣瘦,,
404,1,1,纸上谈兵,,
405,1,1,迎风招展,,
406,1,1,卸磨杀驴,,
407,1,1,怨声载道,,
408,1,1,如雷灌耳,,
409,1,1,其势汹汹,,
410,1,1,舍死忘生,,
411,1,1,脉脉含情,,
412,1,1,疾风骤雨,,
413,1,1,金璧辉煌,,
414,1,1,光明磊落,,
415,1,1,落叶归根,,
416,1,1,交口称颂,,
417,1,1,飞针走线,,
418,1,1,吉凶未卜,,
419,1,1,鸡犬升天,,
420,1,1,别来无恙,,
421,1,1,不亦乐乎,,
422,1,1,得不偿失,,
423,1,1,闭门思过,,
424,1,1,肆无忌惮,,
425,1,1,望洋兴叹,,
426,1,1,万人空巷,,
427,1,1,威风凛凛,,
428,1,1,壮志未酬,,
429,1,1,兴师问罪,,
430,1,1,物尽其用,,
431,1,1,徇私舞弊,,
432,1,1,志同道合,,
433,1,1,悬崖勒马,,
434,1,1,自圆其说,,
435,1,1,朝不保夕,,
436,1,1,脱颖而出,,
437,1,1,英姿飒爽,,
438,1,1,羞愧难当,,
439,1,1,众目睽睽,,
440,1,1,震耳欲聋,,
441,1,1,异军突起,,
442,1,1,无往不胜,,
443,1,1,自顾不暇,,
444,1,1,走投无路,,
445,1,1,引火烧身,,
446,1,1,心驰神往,,
447,1,1,势均力敌,,
448,1,1,深不可测,,
449,1,1,首屈一指,,
450,1,1,事半功倍,,
451,1,1,看破红尘,,
452,1,1,事不宜迟,,
453,1,1,入情入理,,
454,1,1,事在必行,,
455,1,1,灵丹妙药,,
456,1,1,举一反三,,
457,1,1,连绵不绝,,
458,1,1,迎刃而解,,
459,1,1,坐井观天,,
460,1,1,朝三暮四,,
461,1,1,天壤之别,,
462,1,1,劳而无功,,
463,1,1,若隐若现,,
464,1,1,目光短浅,,
465,1,1,藕断丝连,,
466,1,1,取而代之,,
467,1,1,若无其事,,
468,1,1,锦上添花,,
469,1,1,浑水摸鱼,,
470,1,1,穷乡僻壤,,
471,1,1,掉以轻心,,
472,1,1,饱经忧患,,
473,1,1,天理难容,,
474,1,1,情投意合,,
475,1,1,空中楼阁,,
476,1,1,弄假成真,,
477,1,1,弄巧成拙,,
478,1,1,见缝插针,,
479,1,1,经久不息,,
480,1,1,七手八脚,,
481,1,1,建功立业,,
482,1,1,蓬头垢面,,
483,1,1,千篇一律,,
484,1,1,惊心动魄,,
485,1,1,前仰后合,,
486,1,1,千钧一发,,
487,1,1,久经风霜,,
488,1,1,平心而论,,
489,1,1,潜移默化,,
490,1,1,举世无双,,
491,1,1,丧尽天良,,
492,1,1,上窜下跳,,
493,1,1,穷凶极恶,,
494,1,1,视死如归,,
495,1,1,人高马大,,
496,1,1,食不果腹,,
497,1,1,声名狼藉,,
498,1,1,进退两难,,
499,1,1,结党营私,,
500,1,1,青红皂白,,
501,1,1,水泄不通,,
502,1,1,人迹罕至,,
503,1,1,声情并茂,,
504,1,1,始料不及,,
505,1,1,高枕无忧,,
506,1,1,汗马功劳,,
507,1,1,反目成仇,,
508,1,1,八面玲珑,,
509,1,1,单刀直入,,
510,1,1,人仰马翻,,
511,1,1,兵荒马乱,,
512,1,1,当机立断,,
513,1,1,故弄玄虚,,
514,1,1,不容置疑,,
515,1,1,独树一帜,,
516,1,1,长驱直入,,
517,1,1,不由自主,,
518,1,1,不省人事,,
519,1,1,堆积如山,,
520,1,1,无拘无束,,
521,1,1,必由之路,,
522,1,1,飞禽走兽,,
523,1,1,虎口拔牙,,
524,1,1,临危受命,,
525,1,1,眉开眼笑,,
526,1,1,浓妆艳抹,,
527,1,1,少见多怪,,
528,1,1,投其所好,,
529,1,1,无足轻重,,
530,1,1,听其自然,,
531,1,1,行色匆匆,,
532,1,1,安然无恙,,
533,1,1,洞房花烛,,
534,1,1,相提并论,,
535,1,1,大刀阔斧,,
536,1,1,富可敌国,,
537,1,1,红杏出墙,,
538,1,1,对症下药,,
539,1,1,张牙舞爪,,
540,1,1,铁石心肠,,
541,1,1,无独有偶,,
542,1,1,集思广益,,
543,1,1,适可而止,,
544,1,1,心乱如麻,,
545,1,1,百读不厌,,
546,1,1,患得患失,,
547,1,1,臭名远扬,,
548,1,1,叶公好龙,,
549,1,1,不言而喻,,
550,1,1,叱咤风云,,
551,1,1,百川归海,,
552,1,1,与人为善,,
553,1,1,望眼欲穿,,
554,1,1,偷梁换柱,,
555,1,1,知人善任,,
556,1,1,相敬如宾,,
557,1,1,正中下怀,,
558,1,1,朝令夕改,,
559,1,1,鱼目混珠,,
560,1,1,锣鼓喧天,,
561,1,1,日理万机,,
562,1,1,轻歌曼舞,,
563,1,1,兴师动众,,
564,1,1,年富力强,,
565,1,1,鹏程万里,,
566,1,1,不远万里,,
567,1,1,感人肺腑,,
568,1,1,高瞻远瞩,,
569,1,1,心潮澎湃,,
570,1,1,熟门熟路,,
571,1,1,水清无鱼,,
572,1,1,意犹未尽,,
573,1,1,隔窗有耳,,
574,1,1,叶落知秋,,
575,1,1,声威大震,,
576,1,1,扫地出门,,
577,1,1,无可救药,,
578,1,1,横眉立目,,
579,1,1,十指连心,,
580,1,1,纵横驰骋,,
581,1,1,年深月久,,
582,1,1,三番五次,,
583,1,1,身价百倍,,
584,1,1,目不邪视,,
585,1,1,恼羞成怒,,
586,1,1,孤苦伶仃,,
587,1,1,仅此而已,,
588,1,1,没精打采,,
589,1,1,满腔热忱,,
590,1,1,焦灼不安,,
591,1,1,花枝招展,,
592,1,1,话不投机,,
593,1,1,不堪入目,,
594,1,1,鸡犬不宁,,
595,1,1,虎视眈眈,,
596,1,1,不能自拔,,
597,1,1,泰然自若,,
598,1,1,完璧归赵,,
599,1,1,徒劳无功,,
600,1,1,听天由命,,
601,1,1,心惊肉跳,,
602,1,1,循规蹈矩,,
603,1,1,似是而非,,
604,1,1,秀色可餐,,
605,1,1,玩世不恭,,
606,1,1,张皇失措,,
607,1,1,先发制人,,
608,1,1,相得益彰,,
609,1,1,唯命是从,,
610,1,1,危在旦夕,,
611,1,1,望而却步,,
612,1,1,有勇无谋,,
613,1,1,置之度外,,
614,1,1,众矢之的,,
615,1,1,一落千丈,,
616,1,1,无人问津,,
617,1,1,自鸣得意,,
618,1,1,有目共睹,,
619,1,1,形迹可疑,,
620,1,1,严阵以待,,
621,1,1,挤眉弄眼,,
622,1,1,日以继夜,,
623,1,1,逢凶化吉,,
624,1,1,卧薪尝胆,,
625,1,1,无坚不摧,,
626,1,1,树大招风,,
627,1,1,熟视无睹,,
628,1,1,灭顶之灾,,
629,1,1,名垂青史,,
630,1,1,劈头盖脸,,
631,1,1,如出一辙,,
632,1,1,琅琅上口,,
633,1,1,节衣缩食,,
634,1,1,惹火烧身,,
635,1,1,后生可畏,,
636,1,1,调兵遣将,,
637,1,1,乌合之众,,
638,1,1,落荒而逃,,
639,1,1,天花乱坠,,
640,1,1,咎由自取,,
641,1,1,牢不可破,,
642,1,1,生离死别,,
643,1,1,生死与共,,
644,1,1,十恶不赦,,
645,1,1,明辨是非,,
646,1,1,雷打不动,,
647,1,1,良师益友,,
648,1,1,瞒上欺下,,
649,1,1,誓不两立,,
650,1,1,妙手回春,,
651,1,1,马不停蹄,,
652,1,1,量力而行,,
653,1,1,了若指掌,,
654,1,1,狼狈不堪,,
655,1,1,如胶似漆,,
656,1,1,名不副实,,
657,1,1,敬而远之,,
658,1,1,据理力争,,
659,1,1,忍辱负重,,
660,1,1,破釜沉舟,,
661,1,1,如临大敌,,
662,1,1,刻舟求剑,,
663,1,1,乐不思蜀,,
664,1,1,狼狈为奸,,
665,1,1,弃暗投明,,
666,1,1,目不斜视,,
667,1,1,轻装上阵,,
668,1,1,夸大其词,,
669,1,1,夸夸其谈,,
670,1,1,近在咫尺,,
671,1,1,怒火中烧,,
672,1,1,身不由己,,
673,1,1,掐头去尾,,
674,1,1,目瞪口呆,,
675,1,1,旁敲侧击,,
676,1,1,匹夫有责,,
677,1,1,披头散发,,
678,1,1,千丝万缕,,
679,1,1,恰到好处,,
680,1,1,神通广大,,
681,1,1,绝处逢生,,
682,1,1,前功尽弃,,
683,1,1,前因后果,,
684,1,1,强颜欢笑,,
685,1,1,强人所难,,
686,1,1,轻重缓急,,
687,1,1,军令如山,,
688,1,1,见机行事,,
689,1,1,如雷贯耳,,
690,1,1,绳之以法,,
691,1,1,如释重负,,
692,1,1,铺天盖地,,
693,1,1,七零八落,,
694,1,1,人心惶惶,,
695,1,1,盛情难却,,
696,1,1,精明强干,,
697,1,1,破绽百出,,
698,1,1,倾国倾城,,
699,1,1,神出鬼没,,
700,1,1,人人自危,,
701,1,1,声泪俱下,,
702,1,1,如狼似虎,,
703,1,1,反客为主,,
704,1,1,虎背熊腰,,
705,1,1,绘声绘色,,
706,1,1,倒背如流,,
707,1,1,忍无可忍,,
708,1,1,旧地重游,,
709,1,1,宾至如归,,
710,1,1,体无完肤,,
711,1,1,推波助澜,,
712,1,1,漫无边际,,
713,1,1,力不从心,,
714,1,1,空口无凭,,
715,1,1,稍纵即逝,,
716,1,1,秋高气爽,,
717,1,1,数不胜数,,
718,1,1,按部就班,,
719,1,1,饱经沧桑,,
720,1,1,拉家带口,,
721,1,1,无事生非,,
722,1,1,对答如流,,
723,1,1,风调雨顺,,
724,1,1,耳濡目染,,
725,1,1,东山再起,,
726,1,1,阿谀奉承,,
727,1,1,才疏学浅,,
728,1,1,恶语伤人,,
729,1,1,无理取闹,,
730,1,1,地动山摇,,
731,1,1,夫唱妇随,,
732,1,1,伤筋动骨,,
733,1,1,碌碌无为,,
734,1,1,蒙头转向,,
735,1,1,片甲不留,,
736,1,1,身败名裂,,
737,1,1,文不对题,,
738,1,1,五大三粗,,
739,1,1,稳扎稳打,,
740,1,1,同流合污,,
741,1,1,兵不厌诈,,
742,1,1,投机取巧,,
743,1,1,行之有效,,
744,1,1,百步穿杨,,
745,1,1,五雷轰顶,,
746,1,1,出口成章,,
747,1,1,想方设法,,
748,1,1,单刀赴会,,
749,1,1,归心似箭,,
750,1,1,不屑一顾,,
751,1,1,丢盔卸甲,,
752,1,1,仗势欺人,,
753,1,1,脱口而出,,
754,1,1,势如破竹,,
755,1,1,举目无亲,,
756,1,1,拖泥带水,,
757,1,1,不寒而栗,,
758,1,1,张口结舌,,
759,1,1,利害得失,,
760,1,1,绿草如茵,,
761,1,1,功亏一篑,,
762,1,1,虎头蛇尾,,
763,1,1,患难与共,,
764,1,1,锋芒毕露,,
765,1,1,心口如一,,
766,1,1,蔚然成风,,
767,1,1,仗义执言,,
768,1,1,各行其是,,
769,1,1,为富不仁,,
770,1,1,义正辞严,,
771,1,1,夜不闭户,,
772,1,1,捕风捉影,,
773,1,1,红颜薄命,,
774,1,1,昙花一现,,
775,1,1,语重心长,,
776,1,1,因地制宜,,
777,1,1,应接不暇,,
778,1,1,开卷有益,,
779,1,1,事与愿违,,
780,1,1,平白无故,,
781,1,1,骄阳似火,,
782,1,1,妙语连珠,,
783,1,1,九霄云外,,
784,1,1,鼠目寸光,,
785,1,1,燃眉之急,,
786,1,1,不可开交,,
787,1,1,望风而逃,,
788,1,1,天下无敌,,
789,1,1,快人快语,,
790,1,1,如履薄冰,,
791,1,1,深明大义,,
792,1,1,匠心独运,,
793,1,1,千头万绪,,
794,1,1,安分守己,,
795,1,1,高不可攀,,
796,1,1,花好月圆,,
797,1,1,扬眉吐气,,
798,1,1,杀气腾腾,,
799,1,1,心明眼亮,,
800,1,1,大兴土木,,
801,1,1,携老扶幼,,
802,1,1,书声琅琅,,
803,1,1,心腹之患,,
804,1,1,心急火燎,,
805,1,1,中西合璧,,
806,1,1,轻如鸿毛,,
807,1,1,水深火热,,
808,1,1,犹豫不决,,
809,1,1,随波逐流,,
810,1,1,整装待发,,
811,1,1,倚老卖老,,
812,1,1,低眉顺眼,,
813,1,1,仁人志士,,
814,1,1,生搬硬套,,
815,1,1,装腔作势,,
816,1,1,混世魔王,,
817,1,1,茫无头绪,,
818,1,1,凌乱不堪,,
819,1,1,泛泛而谈,,
820,1,1,老眼昏花,,
821,1,1,尽心竭力,,
822,1,1,欢声如雷,,
823,1,1,多多益善,,
824,1,1,本性难移,,
825,1,1,点石成金,,
826,1,1,虎落平阳,,
827,1,1,喋喋不休,,
828,1,1,大庭广众,,
829,1,1,天伦之乐,,
830,1,1,耸人听闻,,
831,1,1,亡羊补牢,,
832,1,1,引以为戒,,
833,1,1,幸灾乐祸,,
834,1,1,虚张声势,,
835,1,1,游手好闲,,
836,1,1,用心良苦,,
837,1,1,因材施教,,
838,1,1,原形毕露,,
839,1,1,无奇不有,,
840,1,1,脱胎换骨,,
841,1,1,针锋相对,,
842,1,1,相依为命,,
843,1,1,一掷千金,,
844,1,1,袖手旁观,,
845,1,1,自告奋勇,,
846,1,1,于事无补,,
847,1,1,自欺欺人,,
848,1,1,无懈可击,,
849,1,1,转危为安,,
850,1,1,图谋不轨,,
851,1,1,无所适从,,
852,1,1,顺手牵羊,,
853,1,1,路不拾遗,,
854,1,1,安营扎寨,,
855,1,1,言不由衷,,
856,1,1,易如反掌,,
857,1,1,损兵折将,,
858,1,1,空前绝后,,
859,1,1,南辕北辙,,
860,1,1,披荆斩棘,,
861,1,1,名副其实,,
862,1,1,神乎其神,,
863,1,1,耐人寻味,,
864,1,1,迫不得已,,
865,1,1,口若悬河,,
866,1,1,谨小慎微,,
867,1,1,气喘吁吁,,
868,1,1,老生常谈,,
869,1,1,轻描淡写,,
870,1,1,趋利避害,,
871,1,1,苦口婆心,,
872,1,1,手无寸铁,,
873,1,1,金石为开,,
874,1,1,惊魂未定,,
875,1,1,双管齐下,,
876,1,1,事倍功半,,
877,1,1,扣人心弦,,
878,1,1,居心不良,,
879,1,1,老谋深算,,
880,1,1,事在人为,,
881,1,1,卖主求荣,,
882,1,1,两败俱伤,,
883,1,1,居高临下,,
884,1,1,淋漓尽致,,
885,1,1,聚精会神,,
886,1,1,梦寐以求,,
887,1,1,家长里短,,
888,1,1,毛骨悚然,,
889,1,1,妙趣横生,,
890,1,1,略胜一筹,,
891,1,1,渺无人烟,,
892,1,1,令人发指,,
893,1,1,眉来眼去,,
894,1,1,宽宏大量,,
895,1,1,莫名其妙,,
896,1,1,就事论事,,
897,1,1,绝口不提,,
898,1,1,柳暗花明,,
899,1,1,交相辉映,,
900,1,1,盲人摸象,,
901,1,2,寄人篱下,,民上
902,1,2,截然不同,,不以
903,1,2,难舍难分,,离易
904,1,2,戒备森严,,林格
905,1,2,金碧辉煌,,黄绿
906,1,2,皮开肉绽,,毛一
907,1,2,旁观者清,,察自
908,1,2,神机妙算,,仙关
909,1,2,默默无闻,,鸡起
910,1,2,司空见惯,,机习
911,1,2,飘飘欲仙,,自得
912,1,2,任重道远,,务忙
913,1,2,杀一儆百,,千万
914,1,2,宾客如云,,厢爱
915,1,2,一纸空文,,洛阳
916,1,2,直言不讳,,论一
917,1,2,瞻前顾后,,此彼
918,1,2,无以复加,,拘束
919,1,2,津津乐道,,天之
920,1,2,溜之大吉,,妖妖
921,1,2,眉清目秀,,高山
922,1,2,弥天大谎,,小空
923,1,2,奔走相告,,俗之
924,1,2,从一而终,,善如
925,1,2,娇小玲珑,,可心
926,1,2,久负盛名,,久不
927,1,2,千姿百态,,山水
928,1,2,泣不成声,,哭音
929,1,2,束手无策,,脚略
930,1,2,寝食不安,,古眠
931,1,2,穷困潦倒,,富扰
932,1,2,将计就计,,得过
933,1,2,煽风点火,,雨交
934,1,2,绝无仅有,,对无
935,1,2,如愿以偿,,火荼
936,1,2,若有所思,,无考
937,1,2,如获至宝,,假换
938,1,2,弱肉强食,,不禁
939,1,2,奇花异草,,怪状
940,1,2,融会贯通,,山水
941,1,2,穷山恶水,,富饶
942,1,2,史无前例,,无古
943,1,2,骄兵必败,,傲自
944,1,2,斤斤计较,,两算
945,1,2,人满为患,,山人
946,1,2,神采奕奕,,气逼
947,1,2,根深蒂固,,落叶
948,1,2,吃里扒外,,香辣
949,1,2,耿耿于怀,,直旧
950,1,2,甘拜下风,,之如
951,1,2,如虎添翼,,假换
952,1,2,背井离乡,,弃信
953,1,2,公报私仇,,自相
954,1,2,短兵相接,,骄必
955,1,2,残兵败将,,缺破
956,1,1,趁火打劫,,
957,1,1,耳目一新,,
958,1,1,飞檐走壁,,
959,1,1,无人之境,,
960,1,1,东奔西走,,
961,1,1,高抬贵手,,
962,1,1,近水楼台,,
963,1,1,非同小可,,
964,1,1,祸从天降,,
965,1,1,所向无敌,,
966,1,1,乱七八糟,,
967,1,1,七拼八凑,,
968,1,1,腾云驾雾,,
969,1,1,无所事事,,
970,1,1,未老先衰,,
971,1,1,小肚鸡肠,,
972,1,1,不毛之地,,
973,1,1,小题大做,,
974,1,1,雪中送炭,,
975,1,1,班门弄斧,,
976,1,1,狐朋狗友,,
977,1,1,地大物博,,
978,1,1,想入非非,,
979,1,1,弹丸之地,,
980,1,1,八拜之交,,
981,1,1,心宽体胖,,
982,1,1,突如其来,,
983,1,1,忙里偷闲,,
984,1,1,难言之隐,,
985,1,1,急功近利,,
986,1,1,饥肠辘辘,,
987,1,1,肝胆相照,,
988,1,1,三五成群,,
989,1,1,诲人不倦,,
990,1,1,不厌其烦,,
991,1,1,众口一词,,
992,1,1,痛定思痛,,
993,1,1,无孔不入,,
994,1,1,无功受禄,,
995,1,1,旗开得胜,,
996,1,1,煞费苦心,,
997,1,1,人心叵测,,
998,1,1,塞翁失马,,
999,1,1,开源节流,,
1000,1,1,千秋万代,,
1001,2,2,人多势众,,地博
1002,2,2,不同凡响,,可思
1003,2,2,防患未然,,火盗
1004,2,2,大显身手,,脚示
1005,2,2,山珍海味,,川广
1006,2,2,自食其力,,不理
1007,2,2,窃窃私语,,偷言
1008,2,2,一蹶不振,,起立
1009,2,2,沾亲带故,,沾喜
1010,2,2,棋逢对手,,侠客
1011,2,2,评头品足,,胸脚
1012,2,2,万古流芳,,千绝
1013,2,2,严丝合缝,,密同
1014,2,2,言而有信,,语义
1015,2,2,仁至义尽,,大善
1016,2,2,醉生梦死,,纸金
1017,2,2,金玉良言,,铜箔
1018,2,2,文山会海,,水隔
1019,2,2,罪有应得,,恶滔
1020,2,2,抓耳挠腮,,手脚
1021,2,2,身临其境,,山水
1022,2,2,词穷理屈,,少亏
1023,2,2,振臂一呼,,聋聩
1024,2,2,悬而未决,,计划
1025,2,2,遥相呼应,,瑶望
1026,2,2,局促不安,,及防
1027,2,2,侃侃而谈,,相望
1028,2,2,生不逢时,,死相
1029,2,2,狗仗人势,,大胆
1030,2,2,垂帘听政,,堂吊
1031,2,2,心灰意懒,,凉薄
1032,2,2,道貌岸然,,心稳
1033,2,2,跃跃欲试,,跳进
1034,2,2,投笔从戎,,书画
1035,2,2,巧取豪夺,,投迈
1036,2,2,自掘坟墓,,己鸣
1037,2,2,一鸣惊人,,语破
1038,2,2,一语道破,,鸣人
1039,2,2,无米之炊,,酒欢
1040,2,2,闭门造车,,窗纸
1041,2,2,随声附和,,言令
1042,2,2,螳臂当车,,手螂
1043,2,2,责无旁贷,,任道
1044,2,2,掷地有声,,天无
1045,2,2,指日可待,,手脚
1046,2,2,群龙无首,,山岭
1047,2,2,毛手毛脚,,来眼
1048,2,2,开诚布公,,吕关
1049,2,2,平铺直叙,,简赅
1050,2,2,披麻带孝,,巾义
1051,2,2,神魂颠倒,,魄覆
1052,2,2,盛极一时,,否泰
1053,2,2,闭关锁国,,门车
1054,2,2,本末倒置,,未木
1055,2,2,喜笑颜开,,常欢
1056,2,2,啼笑皆非,,不得
1057,2,2,运筹帷幄,,手心
1058,2,2,天从人愿,,干燥
1059,2,2,志大才疏,,向大
1060,2,2,随行就市,,走义
1061,2,2,浩然之气,,凌然
1062,2,2,睡眼惺忪,,熊猫
1063,2,2,假模假式,,装假
1064,2,2,枯燥无味,,有咸
1065,2,2,画饼充饥,,蛇足
1066,2,2,以卵击石,,铁蛋
1067,2,2,趾高气扬,,手脚
1068,2,2,随机应变,,心遇
1069,2,2,时运不济,,齐奇
1070,2,2,临阵磨枪,,刀剑
1071,2,2,入不敷出,,进有
1072,2,2,否极泰来,,是退
1073,2,2,决一雌雄,,生亡
1074,2,2,巧夺天工,,造化
1075,2,2,水天一色,,光地
1076,2,2,愤世嫉俗,,慷慨
1077,2,2,穷途末路,,未图
1078,2,2,稳操胜券,,拿九
1079,2,2,借花献佛,,酒仙
1080,2,2,走马上任,,骑去
1081,2,2,朝发夕至,,早晚
1082,2,2,羽翼未丰,,化升
1083,2,2,各执一词,,抒己
1084,2,2,谈虎色变,,笑生
1085,2,2,远见卓识,,近越
1086,2,2,专横跋扈,,飞扬
1087,2,2,老调重弹,,生长
1088,2,2,茅塞顿开,,舍蹲
1089,2,2,麻木不仁,,以皮
1090,2,2,慷慨解囊,,己见
1091,2,2,街头巷尾,,街尾
1092,2,2,少年老成,,老得
1093,2,2,各抒己见,,胸臆
1094,2,2,恶贯满盈,,有报
1095,2,2,微乎其微,,妙哉
1096,2,2,老气横秋,,生毫
1097,2,2,窗明几净,,秋毫
1098,2,2,饶有兴味,,趣道
1099,2,2,轮流做庄,,拔河
1100,2,2,他山之石,,它头
1101,2,2,因循守旧,,果欢
1102,2,2,逐鹿中原,,高山
1103,2,2,有条不紊,,无理
1104,2,2,利欲熏心,,益蒙
1105,2,2,曲高和寡,,歌底
1106,2,2,墨守成规,,城归
1107,2,2,美不胜收,,利己
1108,2,2,庞然大物,,大怒
1109,2,2,梁上君子,,下小
1110,2,2,滥竽充数,,烂鱼
1111,2,2,强词夺理,,抢由
1112,2,2,水中捞月,,挂中
1113,2,2,暗送秋波,,菠菜
1114,2,2,不修边幅,,符文
1115,2,2,风餐露宿,,雨行
1116,2,2,靡靡之音,,娓娓
1117,2,2,喜形于色,,露无
1118,2,2,喜上眉梢,,下头
1119,2,2,害群之马,,猪牛
1120,2,2,见异思迁,,喜贤
1121,2,1,自惭形秽,,
1122,2,1,岁寒三友,,
1123,2,1,颐指气使,,
1124,2,1,空头支票,,
1125,2,1,湖光山色,,
1126,2,1,平地青云,,
1127,2,1,鼎足而立,,
1128,2,1,郁郁寡欢,,
1129,2,1,兼济天下,,
1130,2,1,冰肌玉骨,,
1131,2,1,言必有据,,
1132,2,1,置身事外,,
1133,2,1,晓行夜宿,,
1134,2,1,世态炎凉,,
1135,2,1,春风化雨,,
1136,2,1,品头论足,,
1137,2,1,内外交困,,
1138,2,1,高山流水,,
1139,2,1,萎靡不振,,
1140,2,1,遁入空门,,
1141,2,1,岿然不动,,
1142,2,1,欲擒故纵,,
1143,2,1,蝇头小利,,
1144,2,1,忘年之交,,
1145,2,1,杞人忧天,,
1146,2,1,青出于蓝,,
1147,2,1,举重若轻,,
1148,2,1,狂犬吠日,,
1149,2,1,冷言冷语,,
1150,2,1,犬牙交错,,
1151,2,1,立锥之地,,
1152,2,1,束手待毙,,
1153,2,1,井底之蛙,,
1154,2,1,民脂民膏,,
1155,2,1,临渊羡鱼,,
1156,2,1,形销骨立,,
1157,2,1,百口莫辩,,
1158,2,1,厚此薄彼,,
1159,2,1,鞍马劳顿,,
1160,2,1,尔虞我诈,,
1161,2,1,见仁见智,,
1162,2,1,富甲一方,,
1163,2,1,隔墙有耳,,
1164,2,1,过眼烟云,,
1165,2,1,闪烁其词,,
1166,2,1,画地为牢,,
1167,2,1,口诛笔伐,,
1168,2,1,牵强附会,,
1169,2,1,萍水相逢,,
1170,2,1,死灰复燃,,
1171,2,1,酩酊大醉,,
1172,2,1,狡兔三窟,,
1173,2,1,叫苦不迭,,
1174,2,1,两手空空,,
1175,2,1,玲珑剔透,,
1176,2,1,流年似水,,
1177,2,1,丝丝入扣,,
1178,2,1,寿终正寝,,
1179,2,1,兴味盎然,,
1180,2,1,轩然大波,,
1181,2,1,别出心裁,,
1182,2,1,蛊惑人心,,
1183,2,1,瞠目结舌,,
1184,2,1,安贫乐道,,
1185,2,1,黄道吉日,,
1186,2,1,察言观色,,
1187,2,1,无所用心,,
1188,2,1,偃旗息鼓,,
1189,2,1,秀外慧中,,
1190,2,1,憨态可掬,,
1191,2,1,望其项背,,
1192,2,1,咫尺天涯,,
1193,2,1,指桑骂槐,,
1194,2,1,言犹在耳,,
1195,2,1,心手相应,,
1196,2,1,妄自尊大,,
1197,2,1,仙风道骨,,
1198,2,1,素昧平生,,
1199,2,1,七窍生烟,,
1200,2,1,老马识途,,
1201,2,1,三十而立,,
1202,2,1,肝肠寸断,,
1203,2,1,如花似玉,,
1204,2,1,流离失所,,
1205,2,1,不辞劳苦,,
1206,2,1,川流不息,,
1207,2,1,反唇相讥,,
1208,2,1,苟延残喘,,
1209,2,1,高风亮节,,
1210,2,1,好大喜功,,
1211,2,1,不可多得,,
1212,2,1,急于求成,,
1213,2,1,长吁短叹,,
1214,2,1,不足为奇,,
1215,2,1,八面威风,,
1216,2,1,避实就虚,,
1217,2,1,承前启后,,
1218,2,1,承上启下,,
1219,2,1,低声下气,,
1220,2,1,感激涕零,,
1221,2,1,锦绣山河,,
1222,2,1,众星捧月,,
1223,2,1,珠联璧合,,
1224,2,1,衣冠楚楚,,
1225,2,1,探囊取物,,
1226,2,1,违心之论,,
1227,2,1,洋洋大观,,
1228,2,1,畏首畏尾,,
1229,2,1,挥汗如雨,,
1230,2,1,焕然一新,,
1231,2,1,假仁假义,,
1232,2,1,两面夹攻,,
1233,2,1,明眸皓齿,,
1234,2,1,三亲六故,,
1235,2,1,声东击西,,
1236,2,1,得胜还朝,,
1237,2,1,反复无常,,
1238,2,1,改头换面,,
1239,2,1,花前月下,,
1240,2,1,指鹿为马,,
1241,2,1,洗耳恭听,,
1242,2,1,庸人自扰,,
1243,2,1,反朴归真,,
1244,2,1,万死不辞,,
1245,2,1,兴利除害,,
1246,2,1,天塌地陷,,
1247,2,1,勾心斗角,,
1248,2,1,蒸蒸日上,,
1249,2,1,误入歧途,,
1250,2,1,嫉恶如仇,,
1251,2,1,一片冰心,,
1252,2,1,穷家富路,,
1253,2,1,悲从中来,,
1254,2,1,妒贤嫉能,,
1255,2,1,广开言路,,
1256,2,1,流星赶月,,
1257,2,1,切中时弊,,
1258,2,1,伯仲之间,,
1259,2,1,尚方宝剑,,
1260,2,1,依然固我,,
1261,2,1,鱼贯而入,,
1262,2,1,千金一掷,,
1263,2,1,急转直下,,
1264,2,1,人老珠黄,,
1265,2,1,另当别论,,
1266,2,1,搜肠刮肚,,
1267,2,1,偃武修文,,
1268,2,1,赤县神州,,
1269,2,1,权衡轻重,,
1270,2,1,集腋成裘,,
1271,2,1,四平八稳,,
1272,2,1,含糊其辞,,
1273,2,1,文以载道,,
1274,2,1,离群索居,,
1275,2,1,相映成趣,,
1276,2,1,落花流水,,
1277,2,1,天作之合,,
1278,2,1,矫揉造作,,
1279,2,1,金口玉言,,
1280,2,1,清心寡欲,,
1281,2,1,乐不可言,,
1282,2,1,冷若冰霜,,
1283,2,1,口蜜腹剑,,
1284,2,1,量才录用,,
1285,2,1,时过境迁,,
1286,2,1,目无尊长,,
1287,2,1,明来暗去,,
1288,2,1,老骥伏枥,,
1289,2,1,兴味索然,,
1290,2,1,暗度陈仓,,
1291,2,1,安步当车,,
1292,2,1,触类旁通,,
1293,2,1,泛泛之交,,
1294,2,1,口口声声,,
1295,2,1,江河日下,,
1296,2,1,滴水不漏,,
1297,2,2,攻其不备,,出慎
1298,2,2,人声鼎沸,,闻无
1299,2,2,囫囵吞枣,,一食
1300,2,2,蹑手蹑脚,,轻重
1301,2,2,经年累月,,常用
1302,2,2,渺无音讯,,色声
1303,2,2,每况愈下,,江日
1304,2,2,摩肩接踵,,擦背
1305,2,2,几次三番,,五九
1306,2,2,世外桃源,,仙境
1307,2,2,炯炯有神,,目光
1308,2,2,举步维艰,,迈难
1309,2,2,漏网之鱼,,亡命
1310,2,2,身外之物,,无长
1311,2,2,空空如也,,天海
1312,2,2,正颜厉色,,和正
1313,2,2,招贤纳士,,君臣
1314,2,2,怅然若失,,罔色
1315,2,2,处变不惊,,遇事
1316,2,2,裹足不前,,拔走
1317,2,2,残垣断壁,,手脚
1318,2,2,东窗事发,,无所
1319,2,2,大千世界,,和美
1320,2,2,外圆内方,,清浑
1321,2,2,择善而从,,重轻
1322,2,2,虚怀若谷,,身技
1323,2,2,词不达意,,言如
1324,2,2,忧心如焚,,荼忡
1325,2,2,我行我素,,色匆
1326,2,2,瑕不掩瑜,,盖玉
1327,2,2,似水流年,,华返
1328,2,2,原原本本,,正色
1329,2,2,作茧自缚,,受破
1330,2,2,五内俱焚,,脏失
1331,2,2,望穿秋水,,看裤
1332,2,2,救民水火,,融化
1333,2,2,金科玉律,,铁马
1334,2,2,康庄大道,,王德
1335,2,2,破涕为笑,,哭不
1336,2,2,旷世奇才,,天绝
1337,2,2,龙马精神,,蛇胆
1338,2,2,盗亦有道,,取财
1339,2,2,浮想联翩,,胡乱
1340,2,2,反戈一击,,手重
1341,2,2,含辛茹苦,,老苦
1342,2,2,鼎力相助,,尽心
1343,2,2,独占鳌头,,鸠巢
1344,2,2,大惊失色,,花月
1345,2,2,不偏不倚,,正斜
1346,2,2,操之过急,,快动
1347,2,2,安家落户,,每小
1348,2,1,拔地而起,,
1349,2,1,宾客盈门,,
1350,2,1,触目惊心,,
1351,2,1,垂死挣扎,,
1352,2,1,颠倒是非,,
1353,2,1,高深莫测,,
1354,2,1,好自为之,,
1355,2,1,纤尘不染,,
1356,2,1,一概而论,,
1357,2,1,摇尾乞怜,,
1358,2,1,委曲求全,,
1359,2,1,笑容可掬,,
1360,2,1,天造地设,,
1361,2,1,游刃有余,,
1362,2,1,饥寒交迫,,
1363,2,1,回味无穷,,
1364,2,1,酒后失言,,
1365,2,1,零敲碎打,,
1366,2,1,南来北往,,
1367,2,1,山明水秀,,
1368,2,1,师道尊严,,
1369,2,1,夺眶而出,,
1370,2,1,风花雪月,,
1371,2,1,功成名就,,
1372,2,1,荷枪实弹,,
1373,2,1,溢于言表,,
1374,2,1,心有余悸,,
1375,2,1,芸芸众生,,
1376,2,1,体贴入微,,
1377,2,1,九泉之下,,
1378,2,1,喜新厌旧,,
1379,2,1,添砖加瓦,,
1380,2,1,横征暴敛,,
1381,2,1,通情达理,,
1382,2,1,识文断字,,
1383,2,1,好逸恶劳,,
1384,2,1,青黄不接,,
1385,2,1,三教九流,,
1386,2,1,层峦叠嶂,,
1387,2,1,歌舞升平,,
1388,2,1,赫赫有名,,
1389,2,1,惊魂不定,,
1390,2,1,聚沙成塔,,
1391,2,1,坐收渔利,,
1392,2,1,风流韵事,,
1393,2,1,长篇累牍,,
1394,2,1,略表寸心,,
1395,2,1,凄风冷雨,,
1396,2,1,学以致用,,
1397,2,1,煞有介事,,
1398,2,1,屡次三番,,
1399,2,1,霄壤之别,,
1400,2,1,抑扬顿挫,,
1401,2,1,浮光掠影,,
1402,2,1,坚贞不渝,,
1403,2,1,五行八作,,
1404,2,1,送往迎来,,
1405,2,1,悉听尊便,,
1406,2,1,物力维艰,,
1407,2,1,漠然置之,,
1408,2,1,中流砥柱,,
1409,2,1,内忧外患,,
1410,2,1,加官进爵,,
1411,2,1,监守自盗,,
1412,2,1,清规戒律,,
1413,2,1,劫后余生,,
1414,2,1,冷暖自知,,
1415,2,1,杀身成仁,,
1416,2,1,殊途同归,,
1417,2,1,令出必行,,
1418,2,1,计上心来,,
1419,2,1,美玉无瑕,,
1420,2,1,金玉满堂,,
1421,2,1,神来之笔,,
1422,2,1,锱铢必较,,
1423,2,1,大言不惭,,
1424,2,1,不速之客,,
1425,2,1,不可名状,,
1426,2,1,鼻息如雷,,
1427,2,1,灰飞烟灭,,
1428,2,1,索然无味,,
1429,2,1,大放厥词,,
1430,2,1,何足挂齿,,
1431,2,1,穷年累月,,
1432,2,1,路人皆知,,
1433,2,1,设身处地,,
1434,2,1,迥然不同,,
1435,2,1,九五之尊,,
1436,2,1,另辟蹊径,,
1437,2,1,名噪一时,,
1438,2,1,绵里藏针,,
1439,2,1,始作俑者,,
1440,2,1,寥寥无几,,
1441,2,1,扪心自问,,
1442,2,1,兼容并蓄,,
1443,2,1,如日中天,,
1444,2,1,鹦鹉学舌,,
1445,2,1,坐以待毙,,
1446,2,1,万不及一,,
1447,2,1,覆水难收,,
1448,2,1,车载斗量,,
1449,2,1,鬼斧神工,,
1450,2,1,饱学之士,,
1451,2,1,避人耳目,,
1452,2,1,雕梁画栋,,
1453,2,1,饮水思源,,
1454,2,1,坦然自若,,
1455,2,1,愚不可及,,
1456,2,1,无庸讳言,,
1457,2,1,心无二用,,
1458,2,1,因噎废食,,
1459,2,1,童叟无欺,,
1460,2,1,威信扫地,,
1461,2,1,未卜先知,,
1462,2,1,欲壑难填,,
1463,2,1,恣意妄为,,
1464,2,1,桀骜不驯,,
1465,2,1,气宇轩昂,,
1466,2,1,决胜千里,,
1467,2,1,山南海北,,
1468,2,1,是非曲直,,
1469,2,1,任人唯亲,,
1470,2,1,守身如玉,,
1471,2,1,不合时宜,,
1472,2,1,别有用心,,
1473,2,1,出类拔萃,,
1474,2,1,避虚就实,,
1475,2,1,跌宕起伏,,
1476,2,1,愤愤不平,,
1477,2,1,登峰造极,,
1478,2,1,别具一格,,
1479,2,1,不以为然,,
1480,2,1,不可或缺,,
1481,2,1,成竹在胸,,
1482,2,1,博学多才,,
1483,2,1,重蹈覆辙,,
1484,2,1,春华秋实,,
1485,2,1,耳闻目睹,,
1486,2,1,攻守同盟,,
1487,2,1,后患无穷,,
1488,2,1,月白风清,,
1489,2,1,哑然失笑,,
1490,2,1,舍本逐末,,
1491,2,1,言简意赅,,
1492,2,1,先礼后兵,,
1493,2,1,温文尔雅,,
1494,2,1,一家之言,,
1495,2,1,半路出家,,
1496,2,1,回心转意,,
1497,2,1,看风使舵,,
1498,2,1,流芳千古,,
1499,2,1,七长八短,,
1500,2,1,善男信女,,
1501,2,1,十冬腊月,,
1502,2,1,法不责众,,
1503,2,1,福无双至,,
1504,2,1,里外夹攻,,
1505,2,1,横七竖八,,
1506,2,1,听之任之,,
1507,2,1,鱼龙混杂,,
1508,2,1,吐故纳新,,
1509,2,1,指名道姓,,
1510,2,1,为人师表,,
1511,2,1,先睹为快,,
1512,2,1,轻举妄动,,
1513,2,1,哗众取宠,,
1514,2,1,张冠李戴,,
1515,2,1,细水长流,,
1516,2,1,风起云涌,,
1517,2,1,偏听偏信,,
1518,2,1,神气活现,,
1519,2,1,长风破浪,,
1520,2,1,格格不入,,
1521,2,1,古为今用,,
1522,2,1,旧愁新恨,,
1523,2,1,借古喻今,,
1524,2,1,助桀为虐,,
1525,2,1,垂涎欲滴,,
1526,2,1,字斟句酌,,
1527,2,1,瘦骨伶仃,,
1528,2,1,金玉其外,,
1529,2,1,授受不亲,,
1530,2,1,瘦骨嶙峋,,
1531,2,1,力排众议,,
1532,2,1,无伤大雅,,
1533,2,1,始乱终弃,,
1534,2,1,挂一漏万,,
1535,2,1,刀光剑影,,
1536,2,1,文从字顺,,
1537,2,1,虽死犹生,,
1538,2,1,险象环生,,
1539,2,1,闭门谢客,,
1540,2,1,面授机宜,,
1541,2,1,载舟覆舟,,
1542,2,1,讲古论今,,
1543,2,1,街谈巷议,,
1544,2,1,临危授命,,
1545,2,1,劫富济贫,,
1546,2,1,人杰地灵,,
1547,2,1,气象万千,,
1548,2,1,开山鼻祖,,
1549,2,1,礼尚往来,,
1550,2,1,日月如梭,,
1551,2,1,泾渭分明,,
1552,2,1,死不足惜,,
1553,2,1,南腔北调,,
1554,2,1,思如泉涌,,
1555,2,1,信口雌黄,,
1556,2,1,隔靴搔痒,,
1557,2,1,风尘仆仆,,
1558,2,1,安之若素,,
1559,2,1,睹物思人,,
1560,2,1,过犹不及,,
1561,2,1,忐忑不安,,
1562,2,1,绰绰有余,,
1563,2,1,火中取栗,,
1564,2,1,潸然泪下,,
1565,2,1,空穴来风,,
1566,2,1,判若两人,,
1567,2,1,其貌不扬,,
1568,2,1,了然于心,,
1569,2,1,满腹经纶,,
1570,2,1,满腹狐疑,,
1571,2,1,竭泽而渔,,
1572,2,1,如影随形,,
1573,2,1,瞒天过海,,
1574,2,1,鸟尽弓藏,,
1575,2,1,明哲保身,,
1576,2,1,乐而忘返,,
1577,2,1,置若罔闻,,
1578,2,1,炙手可热,,
1579,2,1,望文生义,,
1580,2,1,肺腑之言,,
1581,2,1,陈词滥调,,
1582,2,1,相去咫尺,,
1583,2,1,避重就轻,,
1584,2,1,博闻强记,,
1585,2,1,独善其身,,
1586,2,1,以德报怨,,
1587,2,1,知遇之恩,,
1588,2,1,冰雪聪明,,
1589,2,1,扬汤止沸,,
1590,2,1,一无所长,,
1591,2,1,行成于思,,
1592,2,1,心向往之,,
1593,2,1,偷天换日,,
1594,2,1,一文不名,,
1595,2,1,提纲挈领,,
1596,2,1,欲盖弥彰,,
1597,2,1,旁门左道,,
1598,2,1,平步青云,,
1599,2,1,绝情寡义,,
1600,2,1,礼贤下士,,
1601,2,1,身先士卒,,
1602,2,1,如数家珍,,
1603,2,1,药到病除,,
1604,2,1,百炼成钢,,
1605,2,1,重整旗鼓,,
1606,2,1,骇人听闻,,
1607,2,1,粗枝大叶,,
1608,2,1,颠沛流离,,
1609,2,1,兵精粮足,,
1610,2,1,悲欢离合,,
1611,2,1,包罗万象,,
1612,2,1,变幻莫测,,
1613,2,1,居安思危,,
1614,2,1,求贤若渴,,
1615,2,1,不出所料,,
1616,2,1,重见天日,,
1617,2,1,大势已去,,
1618,2,1,防不胜防,,
1619,2,1,借尸还魂,,
1620,2,1,花容月貌,,
1621,2,1,万全之策,,
1622,2,1,心悦诚服,,
1623,2,1,中庸之道,,
1624,2,1,不能自已,,
1625,2,1,嬉笑怒骂,,
1626,2,1,一暴十寒,,
1627,2,1,杳无人烟,,
1628,2,1,楚楚动人,,
1629,2,1,老弱残兵,,
1630,2,1,空洞无物,,
1631,2,1,龙潭虎穴,,
1632,2,1,千恩万谢,,
1633,2,1,擅离职守,,
1634,2,1,死得其所,,
1635,2,1,凡夫俗子,,
1636,2,1,互通有无,,
1637,2,1,孤立无援,,
1638,2,1,后继有人,,
1639,2,1,心不在焉,,
1640,2,1,心旷神怡,,
1641,2,1,味同嚼蜡,,
1642,2,1,古色古香,,
1643,2,1,为民请命,,
1644,2,1,相见恨晚,,
1645,2,1,挑三拣四,,
1646,2,1,急中生智,,
1647,2,1,推三阻四,,
1648,2,1,励精图治,,
1649,2,1,吹毛求疵,,
1650,2,1,气冲霄汉,,
1651,2,1,顺水人情,,
1652,2,1,大义凛然,,
1653,2,1,各自为战,,
1654,2,1,积土成山,,
1655,2,1,清水衙门,,
1656,2,1,名利兼收,,
1657,2,1,相辅相成,,
1658,2,1,创业维艰,,
1659,2,1,丧魂落魄,,
1660,2,1,虚席以待,,
1661,2,1,襟怀坦白,,
1662,2,1,一言蔽之,,
1663,2,1,束手就擒,,
1664,2,1,来路不明,,
1665,2,1,谈笑自若,,
1666,2,1,声色犬马,,
1667,2,1,积习难除,,
1668,2,1,倾巢而出,,
1669,2,1,以观后效,,
1670,2,1,外柔内刚,,
1671,2,1,循循善诱,,
1672,2,1,不白之冤,,
1673,2,1,风烛残年,,
1674,2,1,假公济私,,
1675,2,1,抛砖引玉,,
1676,2,1,求全责备,,
1677,2,1,力挽狂澜,,
1678,2,1,明升暗降,,
1679,2,1,酒色财气,,
1680,2,1,请君入瓮,,
1681,2,1,离经叛道,,
1682,2,1,群魔乱舞,,
1683,2,1,量体裁衣,,
1684,2,1,落地有声,,
1685,2,1,浓墨重彩,,
1686,2,1,怒不可遏,,
1687,2,1,见贤思齐,,
1688,2,1,浅尝辄止,,
1689,2,1,步步为营,,
1690,2,1,刚柔相济,,
1691,2,1,乘龙快婿,,
1692,2,1,沁人心脾,,
1693,2,1,两相情愿,,
1694,2,1,未能免俗,,
1695,2,1,不期而遇,,
1696,2,1,残花败柳,,
1697,2,1,戛然而止,,
1698,2,1,口出不逊,,
1699,2,1,模棱两可,,
1700,2,1,旁征博引,,
1701,2,1,面面相觑,,
1702,2,1,美轮美奂,,
1703,2,1,踉踉跄跄,,
1704,2,1,神色自若,,
1705,2,1,忍俊不禁,,
1706,2,1,适得其反,,
1707,2,1,权宜之计,,
1708,2,1,星罗棋布,,
1709,2,1,未雨绸缪,,
1710,2,1,泰然处之,,
1711,2,1,形影相吊,,
1712,2,1,唾手可得,,
1713,2,1,风声鹤唳,,
1714,2,1,过目成诵,,
1715,2,1,虚位以待,,
1716,2,1,乘兴而来,,
1717,2,1,大家风范,,
1718,2,1,听而不闻,,
1719,2,1,一言兴邦,,
1720,2,1,坐享其成,,
1721,2,1,四海升平,,
1722,2,1,微言大义,,
1723,2,1,仗义疏财,,
1724,2,1,正襟危坐,,
1725,2,1,同室操戈,,
1726,2,1,昭然若揭,,
1727,2,1,心力交瘁,,
1728,2,1,谈笑风生,,
1729,2,1,跃然纸上,,
1730,2,1,招摇过市,,
1731,2,1,节外生枝,,
1732,2,1,人尽其才,,
1733,2,1,软硬兼施,,
1734,2,1,迷途知返,,
1735,2,1,得天独厚,,
1736,2,1,百折不挠,,
1737,2,1,标新立异,,
1738,2,1,呼之欲出,,
1739,2,1,风华正茂,,
1740,2,1,毕恭毕敬,,
1741,2,1,黯然失色,,
1742,2,1,不解之缘,,
1743,2,1,大动干戈,,
1744,2,1,不动声色,,
1745,2,1,财迷心窍,,
1746,2,1,官官相护,,
1747,2,1,暗无天日,,
1748,2,1,波澜壮阔,,
1749,2,1,除暴安良,,
1750,2,1,粗制滥造,,
1751,2,1,熙熙攘攘,,
1752,2,1,今是昨非,,
1753,2,1,花天酒地,,
1754,2,1,土崩瓦解,,
1755,2,1,相濡以沫,,
1756,2,1,行云流水,,
1757,2,1,特立独行,,
1758,2,1,玩物丧志,,
1759,2,1,言之有物,,
1760,2,1,惟妙惟肖,,
1761,2,1,大权旁落,,
1762,2,1,积年累月,,
1763,2,1,弥天大罪,,
1764,2,1,痛不欲生,,
1765,2,1,青山绿水,,
1766,2,1,深知灼见,,
1767,2,1,坦诚相见,,
1768,2,1,俯首听命,,
1769,2,1,花花世界,,
1770,2,1,骨肉团圆,,
1771,2,1,厚颜无耻,,
1772,2,1,余音绕梁,,
1773,2,1,心照不宣,,
1774,2,1,鲜为人知,,
1775,2,1,危机四伏,,
1776,2,1,闲言碎语,,
1777,2,1,白头偕老,,
1778,2,1,望而生畏,,
1779,2,1,百家争鸣,,
1780,2,1,痛心疾首,,
1781,2,1,飞沙走石,,
1782,2,1,各得其所,,
1783,2,1,将遇良才,,
1784,2,1,沙里淘金,,
1785,2,1,独断专行,,
1786,2,1,各自为政,,
1787,2,1,借坡下驴,,
1788,2,1,嫉贤妒能,,
1789,2,1,妙笔生花,,
1790,2,1,以怨报德,,
1791,2,1,蛇蝎心肠,,
1792,2,1,秋毫无犯,,
1793,2,1,酸文假醋,,
1794,2,1,进退无门,,
1795,2,1,至善至美,,
1796,2,1,毋庸置疑,,
1797,2,1,片言只语,,
1798,2,1,图穷匕见,,
1799,2,1,生杀予夺,,
1800,2,1,巧言如簧,,
1801,2,1,卿卿我我,,
1802,2,1,起承转合,,
1803,2,1,得心应手,,
1804,2,1,气吞山河,,
1805,2,1,赤膊上阵,,
1806,2,1,春寒料峭,,
1807,2,1,七情六欲,,
1808,2,1,强弩之末,,
1809,2,1,捷足先登,,
1810,2,1,矫枉过正,,
1811,2,1,离情别绪,,
1812,2,1,绿林好汉,,
1813,2,1,千虑一失,,
1814,2,1,令行禁止,,
1815,2,1,流芳百世,,
1816,2,1,揭竿而起,,
1817,2,1,门户之见,,
1818,2,1,披星戴月,,
1819,2,1,逆水行舟,,
1820,2,1,宝刀不老,,
1821,2,1,不置可否,,
1822,2,1,豁然开朗,,
1823,2,1,哀兵必胜,,
1824,2,1,威德相济,,
1825,2,1,深居简出,,
1826,2,1,去粗取精,,
1827,2,1,不苟言笑,,
1828,2,1,风卷残云,,
1829,2,1,恩威并用,,
1830,2,1,旷日持久,,
1831,2,1,接踵而至,,
1832,2,1,生吞活剥,,
1833,2,1,勤能补拙,,
1834,2,1,少安毋躁,,
1835,2,1,门可罗雀,,
1836,2,1,茫然若失,,
1837,2,1,硕果仅存,,
1838,2,1,实至名归,,
1839,2,1,燎原之势,,
1840,2,1,勉为其难,,
1841,2,1,烟波浩渺,,
1842,2,1,万事亨通,,
1843,2,1,义气相投,,
1844,2,1,先见之明,,
1845,2,1,一笑置之,,
1846,2,1,推己及人,,
1847,2,1,因陋就简,,
1848,2,1,死有余辜,,
1849,2,1,丑态百出,,
1850,2,1,相机行事,,
1851,2,1,蔚为大观,,
1852,2,1,天荒地老,,
1853,2,1,下里巴人,,
1854,2,1,枕戈待旦,,
1855,2,1,贻笑大方,,
1856,2,1,四面楚歌,,
1857,2,1,吟风咏月,,
1858,2,1,闻风而至,,
1859,2,1,囤积居奇,,
1860,2,1,修旧利废,,
1861,2,1,弦外之音,,
1862,2,1,天怒人怨,,
1863,2,1,狭路相逢,,
1864,2,1,盘根错节,,
1865,2,1,僧多粥少,,
1866,2,1,手足之情,,
1867,2,1,事必躬亲,,
1868,2,1,独具慧眼,,
1869,2,1,刀耕火种,,
1870,2,1,多事之秋,,
1871,2,1,兵多将广,,
1872,2,1,逢场作戏,,
1873,2,1,慈眉善目,,
1874,2,1,唉声叹气,,
1875,2,1,碍手碍脚,,
1876,2,1,大失所望,,
1877,2,1,百思不解,,
1878,2,1,烽火连天,,
1879,2,1,层出不穷,,
1880,2,1,茶余饭后,,
1881,2,1,不可胜数,,
1882,2,1,当断则断,,
1883,2,1,粗中有细,,
1884,2,1,堂而皇之,,
1885,2,1,金字招牌,,
1886,2,1,欢呼雀跃,,
1887,2,1,销声匿迹,,
1888,2,1,物极必反,,
1889,2,1,嘘寒问暖,,
1890,2,1,小国寡民,,
1891,2,1,为虎作伥,,
1892,2,1,一叶知秋,,
1893,2,1,无师自通,,
1894,2,1,大声疾呼,,
1895,2,1,吉星高照,,
1896,2,1,名流轶事,,
1897,2,1,借刀杀人,,
1898,2,1,头重脚轻,,
1899,2,1,河东狮吼,,
1900,2,1,晚节不保,,
1901,2,2,叹为观止,,息息
1902,2,2,欢喜若狂,,风暴
1903,2,2,固执己见,,自已
1904,2,2,胡作非为,,乱做
1905,2,2,休养生息,,生之
1906,2,2,以己度人,,势力
1907,2,2,庖丁解牛,,风马
1908,2,2,百废待兴,,千墟
1909,2,2,旭日东升,,西南
1910,2,2,无可名状,,厚之
1911,2,2,废寝忘食,,弃记
1912,2,2,雨后春笋,,风竹
1913,2,2,任人唯贤,,一惠
1914,2,2,忠心耿耿,,直人
1915,2,2,好为人师,,自一
1916,2,2,老牛破车,,旧马
1917,2,2,包藏祸心,,害口
1918,2,2,信誓旦旦,,义枕
1919,2,2,法出多门,,律入
1920,2,2,离心离德,,弃信
1921,2,2,摇唇鼓舌,,摇欲
1922,2,2,生生不已,,死同
1923,2,2,众怒难犯,,人自
1924,2,2,浪迹萍踪,,天浮
1925,2,2,土生土长,,生不
1926,2,2,如梦初醒,,痴如
1927,2,2,并驾齐驱,,头动
1928,2,2,腹背受敌,,胸人
1929,2,2,跋山涉水,,高远
1930,2,2,寸步难行,,走道
1931,2,2,三心二意,,一之
1932,2,2,春风满面,,雨之
1933,2,2,不了了之,,得已
1934,2,2,不学无术,,习士
1935,2,2,大发雷霆,,气之
1936,2,2,将信将疑,,誓旦
1937,2,2,雪上加霜,,中送
1938,2,2,攻无不克,,胜利
1939,2,2,根深叶茂,,草浅
1940,2,2,井然有序,,无次
1941,2,2,狗急跳墙,,猫壁
1942,2,2,酒囊饭袋,,肉朋
1943,2,2,天昏地暗,,山水
1944,2,2,三言两语,,一论
1945,2,2,名存实亡,,国之
1946,2,2,挖空心思,,考虑
1947,2,2,天各一方,,高地
1948,2,2,痛快淋漓,,哭苦
1949,2,2,无缘无故,,亲爱
1950,2,2,小家碧玉,,大闺
1951,2,2,同舟共济,,心得
1952,2,2,心怀叵测,,胸大
1953,2,2,沉鱼落雁,,飞鸟
1954,2,2,不翼而飞,,得而
1955,2,2,掩耳盗铃,,尸灭
1956,2,2,欺人太甚,,名钓
1957,2,2,挥金如土,,山银
1958,2,2,患难之交,,与同
1959,2,2,逍遥自在,,乐之
1960,2,2,东施效颦,,西率
1961,2,2,狐假虎威,,兔借
1962,2,2,不辞而别,,开生
1963,2,2,杀鸡取卵,,鸭兔
1964,2,2,不知所云,,其雨
1965,2,2,痛哭流涕,,苦泪
1966,2,1,平分秋色,,
1967,2,1,借古讽今,,
1968,2,1,孤注一掷,,
1969,2,1,百感交集,,
1970,2,1,蠢蠢欲动,,
1971,2,1,不足挂齿,,
1972,2,1,儿女情长,,
1973,2,1,劳苦功高,,
1974,2,1,愁眉不展,,
1975,2,1,百战不殆,,
1976,2,1,初露锋芒,,
1977,2,1,按兵不动,,
1978,2,1,四海为家,,
1979,2,1,现身说法,,
1980,2,1,骁勇善战,,
1981,2,1,眼高手低,,
1982,2,1,天旋地转,,
1983,2,1,挑拨离间,,
1984,2,1,峥嵘岁月,,
1985,2,1,忠贞不渝,,
1986,2,1,一筹莫展,,
1987,2,1,人命关天,,
1988,2,1,入木三分,,
1989,2,1,囊中羞涩,,
1990,2,1,三顾茅庐,,
1991,2,1,乐善好施,,
1992,2,1,情深义重,,
1993,2,1,扶老携幼,,
1994,2,1,后顾之忧,,
1995,2,1,知恩图报,,
1996,2,1,得意洋洋,,
1997,2,1,动人心弦,,
1998,2,1,生死相依,,
1999,2,1,言过其实,,
2000,2,1,山重水复,,
2001,2,1,市井小人,,
2002,2,1,志得意满,,
2003,2,1,青云直上,,
2004,2,1,风云变幻,,
2005,2,1,原封不动,,
2006,2,1,顺水推舟,,
2007,2,1,矢志不渝,,
2008,2,1,世风日下,,
2009,2,1,势不可挡,,
2010,2,1,自以为是,,
2011,2,1,纸醉金迷,,
2012,2,1,只字不提,,
2013,2,1,寸长尺短,,
2014,2,1,阳关大道,,
2015,2,1,损人利己,,
2016,2,1,百废俱兴,,
2017,3,2,覆车之鉴,,借如
2018,3,2,并蒂芙蓉,,齐头
2019,3,2,以儆效尤,,可名
2020,3,2,明火执杖,,亮如
2021,3,2,穷则思变,,苦想
2022,3,2,谷贱伤农,,劳骨
2023,3,2,移樽就教,,救驾
2024,3,2,文贵天成,,人开
2025,3,2,镂骨铭心,,恪记
2026,3,2,兼善天下,,达人
2027,3,2,明日黄花,,太阳
2028,3,2,电光火石,,刀剑
2029,3,2,约法三章,,规则
2030,3,2,同病相怜,,窗读
2031,3,2,驽马十驾,,弓箭
2032,3,2,克己奉公,,不得
2033,3,2,文章盖世,,法自
2034,3,2,无关宏旨,,有旨
2035,3,2,为恶不悛,,浚恶
2036,3,2,孜孜不倦,,滋滋
2037,3,2,出言不逊,,语和
2038,3,2,鼎足之势,,三离
2039,3,2,化险为夷,,饼饥
2040,3,2,心旌摇曳,,船舶
2041,3,2,晓以利害,,之情
2042,3,2,物竞天择,,佳地
2043,3,2,物阜民安,,是非
2044,3,2,跳梁小丑,,八怪
2045,3,2,徒费唇舌,,有虚
2046,3,2,徒劳往返,,心神
2047,3,2,徒乱人意,,扰心
2048,3,2,审己度人,,过势
2049,3,2,暮气沉沉,,朝阳
2050,3,2,门禁森严,,恐怖
2051,3,2,急不择言,,慌待
2052,3,2,魂不附体,,身魄
2053,3,2,过门不入,,三家
2054,3,2,当头棒喝,,一彩
2055,3,2,翻云覆雨,,天海
2056,3,2,不见经传,,明典
2057,3,2,不可言传,,说话
2058,3,2,汗牛充栋,,毛鼻
2059,3,2,大方之家,,可见
2060,3,2,何去何从,,来往
2061,3,2,处心积虑,,思考
2062,3,2,恃强凌弱,,怕势
2063,3,2,视如草芥,,势沫
2064,3,2,视如粪土,,金钱
2065,3,2,视若路人,,如见
2066,3,2,身体力行,,旦薄
2067,3,2,锐不可当,,减势
2068,3,2,如泣如诉,,歌讼
2069,3,2,流水不腐,,连忘
2070,3,2,曲意逢迎,,高和
2071,3,2,魂不守舍,,离体
2072,3,2,借风使船,,见舶
2073,3,2,母以子贵,,父贱
2074,3,2,死而后已,,生立
2075,3,2,目光如炬,,短潜
2076,3,2,金兰之契,,石约
2077,3,2,民生凋敝,,惆怅
2078,3,2,日薄西山,,落香
2079,3,2,解民倒悬,,挂进
2080,3,2,满目疮痍,,淋琅
2081,3,2,授业解惑,,传题
2082,3,2,家无二主,,山容
2083,3,2,疾言厉色,,病吝
2084,3,2,无妄之灾,,言难
2085,3,2,玉石不分,,具焚
2086,3,2,折戟沉沙,,方天
2087,3,2,坐而论道,,不语
2088,3,2,天悬地隔,,伦乐
2089,3,2,烜赫一时,,亘古
2090,3,2,王佐之才,,辅奇
2091,3,2,知人论世,,看相
2092,3,2,闻名遐迩,,远闻
2093,3,2,形单影只,,相近
2094,3,2,蝇营狗苟,,苍鼠
2095,3,2,肝胆俱裂,,心肺
2096,3,2,按图索骥,,写字
2097,3,2,拨云见日,,开如
2098,3,2,不假思索,,想考
2099,3,2,步履维艰,,步难
2100,3,2,刚愎自用,,果复
2101,3,2,固步自封,,为王
2102,3,2,穿针引线,,带丝
2103,3,2,卑躬屈膝,,鞠瘁
2104,3,2,寅吃卯粮,,子丑
2105,3,2,仰人鼻息,,头目
2106,3,2,奇货可居,,好买
2107,3,2,人弃我取,,丢捡
2108,3,2,十室九空,,拿有
2109,3,1,平地风波,,
2110,3,1,精卫填海,,
2111,3,1,食不甘味,,
2112,3,1,馋涎欲滴,,
2113,3,1,淡泊明志,,
2114,3,1,出水芙蓉,,
2115,3,1,餐风饮露,,
2116,3,1,别有洞天,,
2117,3,1,不绝如缕,,
2118,3,1,颠扑不破,,
2119,3,1,积习难改,,
2120,3,1,恍如隔世,,
2121,3,1,并行不悖,,
2122,3,1,壁垒分明,,
2123,3,1,横生枝节,,
2124,3,1,机关用尽,,
2125,3,1,荡气回肠,,
2126,3,1,回天之力,,
2127,3,1,如芒在背,,
2128,3,1,照本宣科,,
2129,3,1,茹毛饮血,,
2130,3,1,同仇敌忾,,
2131,3,1,阳奉阴违,,
2132,3,1,下笔成章,,
2133,3,1,叠床架屋,,
2134,3,1,风姿绰约,,
2135,3,1,别无二致,,
2136,3,1,残篇断简,,
2137,3,1,冥顽不化,,
2138,3,1,煮豆燃萁,,
2139,3,1,按迹循踪,,
2140,3,1,谈笑封侯,,
2141,3,1,降格以求,,
2142,3,1,绿肥红瘦,,
2143,3,1,金玉之言,,
2144,3,1,以管窥天,,
2145,3,1,雕栏玉砌,,
2146,3,1,薪尽火传,,
2147,3,1,退避三舍,,
2148,3,1,审时度势,,
2149,3,1,绿叶成荫,,
2150,3,1,卧不安席,,
2151,3,1,博古通今,,
2152,3,1,妄自菲薄,,
2153,3,1,喧宾夺主,,
2154,3,1,嗤之以鼻,,
2155,3,1,豆蔻年华,,
2156,3,1,鸣金收兵,,
2157,3,1,言传身教,,
2158,3,1,无耻之尤,,
2159,3,1,息事宁人,,
2160,3,1,畏敌如虎,,
2161,3,1,通宵达旦,,
2162,3,1,推崇备至,,
2163,3,1,锦衣玉食,,
2164,3,1,泰山北斗,,
2165,3,1,生灵涂炭,,
2166,3,1,拿贼见赃,,
2167,3,1,宽大为怀,,
2168,3,1,夹七夹八,,
2169,3,1,和颜悦色,,
2170,3,1,刚正不阿,,
2171,3,1,攻城略地,,
2172,3,1,不得要领,,
2173,3,1,兵戎相见,,
2174,3,1,超然物外,,
2175,3,1,手不释卷,,
2176,3,1,差强人意,,
2177,3,1,幡然悔悟,,
2178,3,1,冰清玉洁,,
2179,3,1,束之高阁,,
2180,3,1,雷霆万钧,,
2181,3,1,磨杵成针,,
2182,3,1,南柯一梦,,
2183,3,1,妙手空空,,
2184,3,1,浪子回头,,
2185,3,1,琼浆玉液,,
2186,3,1,厉兵秣马,,
2187,3,1,居功自傲,,
2188,3,1,狼子野心,,
2189,3,1,披肝沥胆,,
2190,3,1,解甲归田,,
2191,3,1,见微知著,,
2192,3,1,见机而作,,
2193,3,1,劣迹昭昭,,
2194,3,1,如鸟兽散,,
2195,3,1,惊弓之鸟,,
2196,3,1,琼楼玉宇,,
2197,3,1,蛟龙得水,,
2198,3,1,如法炮制,,
2199,3,1,乱世之秋,,
2200,3,1,龙蛇混杂,,
2201,3,1,亦步亦趋,,
2202,3,1,隐约其辞,,
2203,3,1,永志不忘,,
2204,3,1,一语破的,,
2205,3,1,休戚与共,,
2206,3,1,万壑争流,,
2207,3,1,信而有征,,
2208,3,1,钟灵毓秀,,
2209,3,1,以讹传讹,,
2210,3,1,醍醐灌顶,,
2211,3,1,易地而处,,
2212,3,1,臭名昭著,,
2213,3,1,嗷嗷待哺,,
2214,3,1,饱食终日,,
2215,3,1,甘居人后,,
2216,3,1,别具匠心,,
2217,3,1,不胜枚举,,
2218,3,1,讳疾忌医,,
2219,3,1,藏污纳垢,,
2220,3,1,闭目塞听,,
2221,3,1,铁板一块,,
2222,3,1,英雄气短,,
2223,3,1,举措失当,,
2224,3,1,乱箭攒心,,
2225,3,1,骑马找马,,
2226,3,1,口不应心,,
2227,3,1,三纲五常,,
2228,3,1,老成练达,,
2229,3,1,壁立千仞,,
2230,3,1,大而无当,,
2231,3,1,敷衍塞责,,
2232,3,1,踌躇满志,,
2233,3,1,火树银花,,
2234,3,1,百无禁忌,,
2235,3,1,甘之如饴,,
2236,3,1,祸福相椅,,
2237,3,1,弊绝风清,,
2238,3,1,锄强扶弱,,
2239,3,1,不即不离,,
2240,3,1,穷寇莫追,,
2241,3,1,龙肝凤髓,,
2242,3,1,名士风流,,
2243,3,1,千金一诺,,
2244,3,1,三从四德,,
2245,3,1,如日方升,,
2246,3,1,三亲六眷,,
2247,3,1,童心未泯,,
2248,3,1,亭亭玉立,,
2249,3,1,不关痛痒,,
2250,3,1,俯仰无愧,,
2251,3,1,扶摇直上,,
2252,3,1,搜索枯肠,,
2253,3,1,不咎既往,,
2254,3,1,嘉肴美馔,,
2255,3,1,条分缕析,,
2256,3,1,百里之才,,
2257,3,1,没齿不忘,,
2258,3,1,汪洋恣肆,,
2259,3,1,金刚怒目,,
2260,3,1,龙骧虎步,,
2261,3,1,金枝玉叶,,
2262,3,1,闻鸡起舞,,
2263,3,1,信笔涂鸦,,
2264,3,1,文过饰非,,
2265,3,1,如临深渊,,
2266,3,1,买椟还珠,,
2267,3,1,污泥浊水,,
2268,3,1,跬步千里,,
2269,3,1,语焉不详,,
2270,3,1,阳春白雪,,
2271,3,1,寡不敌众,,
2272,3,1,釜底抽薪,,
2273,3,1,轻财重义,,
2274,3,1,兔死狗烹,,
2275,3,1,勾魂摄魄,,
2276,3,1,喜不自胜,,
2277,3,1,温情脉脉,,
2278,3,1,彤云密布,,
2279,3,1,万劫不复,,
2280,3,1,围城打援,,
2281,3,1,玩火自焚,,
2282,3,1,犬马之劳,,
2283,3,1,年深日久,,
2284,3,1,将勤补拙,,
2285,3,1,疾风劲草,,
2286,3,1,化为乌有,,
2287,3,1,放荡不羁,,
2288,3,1,沸沸扬扬,,
2289,3,1,豺狼当道,,
2290,3,1,薄情寡义,,
2291,3,1,猝不及防,,
2292,3,1,舐犊情深,,
2293,3,1,党同伐异,,
2294,3,1,肝脑涂地,,
2295,3,1,百无聊赖,,
2296,3,1,蚍蜉撼树,,
2297,3,1,鸣锣开道,,
2298,3,1,适逢其会,,
2299,3,1,说东道西,,
2300,3,1,声名鹊起,,
2301,3,1,乐天知命,,
2302,3,1,群贤毕至,,
2303,3,1,趋炎附势,,
2304,3,1,罄竹难书,,
2305,3,1,劳燕分飞,,
2306,3,1,欺人之谈,,
2307,3,1,水乳交融,,
2308,3,1,莫逆之交,,
2309,3,1,马首是瞻,,
2310,3,1,落落寡欢,,
2311,3,1,另立门户,,
2312,3,1,述而不作,,
2313,3,1,谨言慎行,,
2314,3,1,切磋琢磨,,
2315,3,1,色厉内荏,,
2316,3,1,坚如磐石,,
2317,3,1,交杯换盏,,
2318,3,1,子虚乌有,,
2319,3,1,扑朔迷离,,
2320,3,1,有教无类,,
2321,3,1,鸡鸣狗盗,,
2322,3,1,虚声恫吓,,
2323,3,1,仰不愧天,,
2324,3,1,无庸赘述,,
2325,3,1,学无常师,,
2326,3,1,惴惴不安,,
2327,3,1,瓜田李下,,
2328,3,1,衣不解带,,
2329,3,1,出尔反尔,,
2330,3,1,草菅人命,,
2331,3,1,不遗余力,,
2332,3,1,冠冕堂皇,,
2333,3,1,沧海桑田,,
2334,3,1,摧枯拉朽,,
2335,3,1,当仁不让,,
2336,3,1,充耳不闻,,
2337,3,1,功成身退,,
2338,3,1,脱缰之马,,
2339,3,1,闻过则喜,,
2340,3,1,曲径通幽,,
2341,3,1,三人成虎,,
2342,3,1,气冲牛斗,,
2343,3,1,酒酣耳热,,
2344,3,1,困兽犹斗,,
2345,3,1,双宿双飞,,
2346,3,1,惨绝人寰,,
2347,3,1,等量齐观,,
2348,3,1,等闲视之,,
2349,3,1,匪夷所思,,
2350,3,1,俯仰之间,,
2351,3,1,荒诞不经,,
2352,3,1,宝马香车,,
2353,3,1,不一而足,,
2354,3,1,不揣冒昧,,
2355,3,1,春兰秋菊,,
2356,3,1,仓皇失措,,
2357,3,1,兴致索然,,
2358,3,1,龙眉凤目,,
2359,3,1,明珠暗投,,
2360,3,1,敲骨吸髓,,
2361,3,1,师出无名,,
2362,3,1,三位一体,,
2363,3,1,未始不可,,
2364,3,1,捉襟见肘,,
2365,3,1,缘木求鱼,,
2366,3,1,旷古未闻,,
2367,3,1,虎啸风生,,
2368,3,1,贩夫走卒,,
2369,3,1,拾遗补阙,,
2370,3,1,穷极无聊,,
2371,3,1,疾声厉色,,
2372,3,1,寥若晨星,,
2373,3,1,车马盈门,,
2374,3,1,莞尔而笑,,
2375,3,1,洞若观火,,
2376,3,1,论短道长,,
2377,3,1,厚积薄发,,
2378,3,1,枯木死灰,,
2379,3,1,无病呻吟,,
2380,3,1,济济一堂,,
2381,3,1,左右逢源,,
2382,3,1,人心向背,,
2383,3,1,七步成章,,
2384,3,1,诬良为盗,,
2385,3,1,落笔千言,,
2386,3,1,人困马乏,,
2387,3,1,一衣带水,,
2388,3,1,慌不择路,,
2389,3,1,孤陋寡闻,,
2390,3,1,文治武功,,
2391,3,1,爱莫能助,,
2392,3,1,胸无点墨,,
2393,3,1,先知先觉,,
2394,3,1,下笔千言,,
2395,3,1,添枝加叶,,
2396,3,1,枉费唇舌,,
2397,3,1,娓娓而谈,,
2398,3,1,望风响应,,
2399,3,1,奇文共赏,,
2400,3,2,装神弄鬼,,疯傻
2401,3,2,见神见鬼,,人智
2402,3,2,扪心无愧,,口是
2403,3,2,济世安民,,功德
2404,3,2,功德圆满,,落幕
2405,3,2,独步当时,,木难
2406,3,2,超凡脱俗,,人一
2407,3,2,沉吟不决,,鱼落
2408,3,2,摧眉折腰,,开目
2409,3,2,秘而不宣,,密而
2410,3,2,痴人说梦,,笑话
2411,3,2,风驰电掣,,声鹤
2412,3,2,耳熟能详,,儒目
2413,3,2,哀鸿遍野,,声在
2414,3,2,少不更事,,年强
2415,3,2,恃才傲物,,人骄
2416,3,2,流光溢彩,,芳百
2417,3,2,狼烟四起,,烽水
2418,3,2,立身扬名,,安材
2419,3,2,连篇累牍,,接积
2420,3,2,精兵简政,,明器
2421,3,2,三缄其口,,两不
2422,3,2,巧言令色,,夺其
2423,3,2,间不容发,,隙际
2424,3,2,开宗明义,,门见
2425,3,2,开门揖盗,,见强
2426,3,2,兼而有之,,不可
2427,3,2,斯文扫地,,门声
2428,3,2,聊以自慰,,百无
2429,3,2,食古不化,,物人
2430,3,2,九九归一,,七八
2431,3,2,举手投足,,降敌
2432,3,2,失道寡助,,得道
2433,3,2,孑然一身,,孑不
2434,3,2,千虑一得,,百万
2435,3,2,将本求利,,功补
2436,3,2,要言不烦,,赛离
2437,3,2,凿壁偷光,,梁换
2438,3,2,天公地道,,地不
2439,3,2,惘然若失,,忙不
2440,3,2,胸无城府,,大脑
2441,3,2,言之凿凿,,情切
2442,3,2,诛心之论,,人不
2443,3,2,修身齐家,,两管
2444,3,2,天理昭彰,,不昭
2445,3,2,支吾其词,,含胡
2446,3,2,唇枪舌剑,,欲动
2447,3,2,不耻下问,,七上
2448,3,2,魑魅魍魉,,螝鬼
2449,3,2,沽名钓誉,,带价
2450,3,2,步履蹒跚,,步为
2451,3,2,孤芳自赏,,独草
2452,3,2,振聋发聩,,振有
2453,3,2,峰回路转,,山道
2454,3,2,奔走呼号,,驰急
2455,3,2,兔死狐悲,,猫狗
2456,3,2,抱守残缺,,拥财
2457,3,2,偶一为之,,二三
2458,3,2,眉高眼低,,毛鼻
2459,3,2,日上三竿,,月下
2460,3,2,敬若神明,,尊仙
2461,3,2,弱不胜衣,,禁利
2462,3,2,卖官鬻爵,,买场
2463,3,2,纲举目张,,手投
2464,3,2,飞扬跋扈,,机出
2465,3,2,倒行逆施,,顺走
2466,3,2,岌岌可危,,以不
2467,3,2,含饴弄孙,,情沫
2468,3,2,回肠百转,,峰道
2469,3,2,待字闺中,,价而
2470,3,2,古道热肠,,心路
2471,3,2,尺短寸长,,鼠目
2472,3,2,挥洒自如,,手告
2473,3,2,登坛拜将,,粉墨
2474,3,2,守望相助,,抱残
2475,3,2,龙盘虎踞,,相斗
2476,3,2,冥顽不灵,,固敏
2477,3,2,凄风苦雨,,凉风
2478,3,2,喷薄欲出,,呼唤
2479,3,2,天女散花,,天向
2480,3,2,象牙之塔,,盲人
2481,3,2,投鼠忌器,,掷目
2482,3,2,一叶障目,,了百
2483,3,2,管窥之见,,中一
2484,3,2,兵无常胜,,中生
2485,3,2,反躬自问,,卑身
2486,3,2,扶危济困,,持兽
2487,3,2,师出有名,,傅入
2488,3,2,机关算尽,,门打
2489,3,2,私相授受,,自传
2490,3,2,秉烛待旦,,夜待
2491,3,2,鞠躬如仪,,卑屈
2492,3,2,梦笔生花,,里开
2493,3,2,文不加点,,达思
2494,3,2,呼天抢地,,唤不
2495,3,2,未竟之志,,存高
2496,3,2,洗心革面,,脸皮
2497,3,2,兼收并蓄,,容光
2498,3,2,无济于事,,心之
2499,3,2,趋之若鹜,,势无
2500,3,2,兼听则明,,爱有
2501,3,2,有恃无恐,,才傲
2502,3,2,债台高筑,,屋建
2503,3,2,惊人之笔,,悚才
2504,3,2,衣衫褴褛,,服衬
2505,3,2,晨钟暮鼓,,早声
2506,3,2,白山黑水,,青青
2507,3,2,恬不知耻,,耻恬
2508,3,2,杯水车薪,,马中
2509,3,2,相得甚欢,,益章
2510,3,2,海底捞月,,胡水
2511,3,2,心腹之交,,大便
2512,3,2,天诛地灭,,海涯
2513,3,2,望风披靡,,而所
2514,3,2,显山露水,,青不
2515,3,2,为人作嫁,,衣他
2516,3,2,世代书香,,门传
2517,3,2,千夫所指,,鹿为
2518,3,2,老迈年高,,年有
2519,3,2,济世之才,,悬子
2520,3,2,教学相长,,短书
2521,3,2,比比皆是,,人长
2522,3,2,咄咄怪事,,逼情
2523,3,2,从中作梗,,国做
2524,3,2,国色天香,,大无
2525,3,2,蹉跎岁月,,之无
2526,3,2,付之东流,,西出
2527,3,2,顶礼膜拜,,貌戴
2528,3,2,鬼使神差,,工明
2529,3,2,不时之需,,一求
2530,3,2,耳提面命,,目清
2531,3,2,力不胜任,,所利
2532,3,2,临渴掘井,,东石
2533,3,2,身无长物,,边短
2534,3,2,神鬼莫测,,明不
2535,3,2,略见一斑,,管仲
2536,3,2,人微言轻,,可重
2537,3,2,坚甲利兵,,短长
2538,3,2,金蝉脱壳,,银离
2539,3,2,经国之才,,家大
2540,3,2,莫可名状,,无一
2541,3,2,力透纸背,,笔之
2542,3,2,莫衷一是,,无二
2543,3,2,谬种流传,,言芳
2544,3,2,明火执仗,,暗中
2545,3,2,老于世故,,年轻
2546,3,2,怜香惜玉,,花草
2547,3,2,久居人下,,上在
2548,3,2,蓬荜生辉,,气熠
2549,3,2,拾人牙慧,,取不
2550,3,2,金石之言,,土之
2551,3,2,悬梁刺股,,浮上
2552,3,2,缄口不言,,沉默
2553,3,2,引而不发,,领言
2554,3,2,假以辞色,,真言
2555,3,2,负隅顽抗,,强争
2556,3,2,悒悒寡欢,,郁闷
2557,3,2,知难行易,,道路
2558,3,2,罪不容诛,,言论
2559,3,2,相煎何急,,得益
2560,3,2,睚眦必报,,定答
2561,3,2,恬淡寡欲,,静思
2562,3,2,心存芥蒂,,有灵
2563,3,2,唇亡齿寒,,枪舌
2564,3,2,曾经沧海,,桑一
2565,3,2,长袖善舞,,发飘
2566,3,2,惨淡经营,,不可
2567,3,2,从善如流,,一而
2568,3,2,混淆视听,,议论
2569,3,2,顾影自怜,,此薄
2570,3,2,耳鬓厮磨,,濡染
2571,3,2,大相径庭,,方为
2572,3,2,信马由缰,,相己
2573,3,2,不以为意,,思考
2574,3,2,明镜高悬,,大湖
2575,3,2,十里洋场,,洋得
2576,3,2,巧立名目,,扬夺
2577,3,2,如履平地,,薄之
2578,3,2,上行下效,,七六
2579,3,2,盲人瞎马,,象们
2580,3,2,殚精竭虑,,心之
2581,3,2,从长计议,,短算
2582,3,2,飞短流长,,扬短
2583,3,2,不可一世,,傲界
2584,3,2,黯然销魂,,淡毁
2585,3,2,祸国殃民,,家人
2586,3,2,缠绵悱恻,,绕棉
2587,3,2,分崩离析,,开解
2588,3,2,陈陈相因,,环扣
2589,3,2,花团锦簇,,草队
2590,3,2,等而下之,,级上
2591,3,2,小小不言,,大论
2592,3,2,脑满肠肥,,大腹
2593,3,2,人寿年丰,,们命
2594,3,2,欺世盗名,,沽骗
2595,3,2,痰迷心窍,,口开
2596,3,2,吞云吐雾,,开霾
2597,3,2,铤而走险,,路之
2598,3,2,投桃报李,,梅花
2599,3,2,无稽之谈,,侃侃
2600,3,2,光复旧物,,阴如
2601,3,2,情随事迁,,过爱
2602,3,2,不甚了了,,之一
2603,1,1,据义履方,,
2604,1,1,锯牙钩爪,,
2605,1,1,居心不良,,
2606,1,1,举贤任能,,
2607,1,1,居无求安,,
2608,1,1,拘文牵义,,
2609,1,1,鞫为茂草,,
2610,1,1,鞠为茂草,,
2611,1,1,局外之人,,
2612,1,1,据图刎首,,
2613,1,1,焮天铄地,,
2614,1,1,局天扣地,,
2615,1,1,帡天极地,,
2616,1,1,局天蹐地,,
2617,1,1,局天促地,,
2618,1,1,举十知九,,
2619,1,1,举世皆知,,
2620,1,1,聚少成多,,
2621,1,1,居仁由义,,
2622,1,1,钜人长德,,
2623,1,1,裾马襟牛,,
2624,1,1,拘挛补衲,,
2625,1,1,驹留空谷,,
2626,1,1,聚敛无厌,,
2627,1,1,菊老荷枯,,
2628,1,1,拒狼进虎,,
2629,1,1,踽踽凉凉,,
2630,1,1,举国一致,,
2631,1,1,鞠躬君子,,
2632,1,1,鞠躬尽力,,
2633,1,1,局高蹐厚,,
2634,1,1,局地钥天,,
2635,1,1,局地扣天,,
2636,1,1,居大不易,,
2637,1,1,举措不当,,
2638,1,1,驹齿未落,,
2639,1,1,句比字栉,,
2640,1,1,居安虑危,,
2641,1,1,九宗七祖,,
2642,1,1,九州四海,,
2643,1,1,九蒸三熯,,
2644,1,1,救灾恤患,,
2645,1,1,殢雨尤云,,
2646,1,1,旧雨新知,,
2647,1,1,酒馀茶后,,
2648,1,1,旧燕归巢,,
2649,1,1,就虚避实,,
2650,1,1,九五之尊,,
2651,1,1,酒瓮饭囊,,
2652,1,1,九天九地,,
2653,1,1,旧态复萌,,
2654,1,1,酒酸不售,,
2655,1,1,九死未悔,,
2656,1,1,九死不悔,,
2657,1,1,久束湿薪,,
2658,1,1,旧事重提,,
2659,1,1,九世之仇,,
2660,1,1,救时厉俗,,
2661,1,1,救世济民,,
2662,1,1,九仞一篑,,
2663,1,1,九衢三市,,
2664,1,1,救黥医劓,,
2665,1,1,旧瓶新酒,,
2666,1,1,救偏补弊,,
2667,1,1,九年之储,,
2668,1,1,酒囊饭包,,
2669,1,1,救难解危,,
2670,1,1,酒龙诗虎,,
2671,1,1,九流十家,,
2672,1,1,九流宾客,,
2673,1,1,九流百家,,
2674,1,1,救燎助薪,,
2675,1,1,久历风尘,,
2676,1,1,救苦弭灾,,
2677,1,1,鸠居鹊巢,,
2678,1,1,九九归原,,
2679,1,1,九江八河,,
2680,1,1,鸠僭鹊巢,,
2681,1,1,九间大殿,,
2682,1,1,九间朝殿,,
2683,1,1,救饥拯溺,,
2684,1,1,救火拯溺,,
2685,1,1,九阍虎豹,,
2686,1,1,酒虎诗龙,,
2687,1,1,酒后无德,,
2688,1,1,酒后失言,,
2689,1,1,酒后茶馀,,
2690,1,1,九合一匡,,
2691,1,1,酒酣耳熟,,
2692,1,1,救过不暇,,
2693,1,1,救过不赡,,
2694,1,1,救过不给,,
2695,1,1,久归道山,,
2696,1,1,久惯老诚,,
2697,1,1,九关虎豹,,
2698,1,1,柳骨颜筋,,
2699,1,1,九故十亲,,
2700,1,1,鸠夺鹊巢,,
2701,1,1,酒地花天,,
2702,1,1,迥乎不同,,
2703,2,1,井中求火,,
2704,3,1,京兆眉妩,,
2705,3,1,镜圆璧合,,
2706,2,1,惊愚骇俗,,
2707,3,1,精义入神,,
2708,3,1,静言庸违,,
2709,2,1,靖言庸回,,
2710,3,1,径行直遂,,
2711,3,1,景星麟凤,,
2712,2,1,景星凤凰,,
2713,3,1,景星凤皇,,
2714,3,1,惊心眩目,,
2715,2,1,惊心丧魄,,
2716,3,1,惊心破胆,,
2717,3,1,惊心裂胆,,
2718,2,1,惊心骇瞩,,
2719,3,1,惊心骇神,,
2720,3,1,惊心骇目,,
2721,2,1,惊心吊魄,,
2722,3,1,惊心吊胆,,
2723,3,1,惊心怵目,,
2724,2,1,惊心褫魄,,
2725,3,1,惊心惨目,,
2726,3,1,惊心悲魄,,
2727,2,1,井渫莫食,,
2728,3,1,井渫不食,,
2729,3,1,敬小慎微,,
2730,2,1,敬贤重士,,
2731,3,1,惊弦之鸟,,
2732,3,1,敬贤下士,,
2733,2,1,敬贤爱士,,
2734,3,1,惊喜交加,,
2735,3,1,泾渭自明,,
2736,2,1,泾渭自分,,
2737,3,1,井蛙醯鸡,,
2738,3,1,鲸吞蛇噬,,
2739,2,1,鲸吞虎噬,,
2740,3,1,敬天爱民,,
2741,3,1,鲸涛鼍浪,,
2742,2,1,惊涛怒浪,,
2743,3,1,惊涛巨浪,,
2744,3,1,敬授人时,,
2745,2,1,敬授民时,,
2746,3,1,惊世震俗,,
2747,3,1,惊世绝俗,,
2748,2,1,敬事后食,,
2749,3,1,惊世骇目,,
2750,3,1,敬事不暇,,
2751,2,1,敬时爱日,,
2752,3,1,景升豚犬,,
2753,3,1,惊神泣鬼,,
2754,2,1,惊神破胆,,
2755,3,1,敬上爱下,,
2756,3,1,荆山之玉,,
2757,2,1,景入桑榆,,
2758,3,1,惊肉生髀,,
2759,3,1,井然有条,,
2760,2,1,惊群动众,,
2761,3,1,泾清渭浊,,
2762,3,1,惊起梁尘,,
2763,2,1,旌旗卷舒,,
2764,3,1,精明能干,,
2765,3,1,经纶济世,,
2766,2,1,镜里采花,,
2767,3,1,敬老恤贫,,
2768,3,1,敬老怜贫,,
2769,2,1,敬老慈少,,
2770,3,1,敬老慈穉,,
2771,3,1,兢兢战战,,
2772,2,1,井井有绪,,
2773,3,1,井井有方,,
2774,3,1,井井有法,,
2775,2,1,兢兢干干,,
2776,3,1,精进勇猛,,
2777,3,1,敬姜犹绩,,
2778,2,1,惊见骇闻,,
2779,3,1,静极思动,,
2780,3,1,荆棘满途,,
2781,2,1,荆棘丛生,,
2782,3,1,惊魂失魄,,
2783,3,1,惊魂摄魄,,
2784,2,1,惊魂丧魄,,
2785,3,1,惊魂落魄,,
2786,3,1,惊魂夺魄,,
2787,2,1,惊慌无措,,
2788,3,1,惊惶无措,,
2789,3,1,惊惶万状,,
2790,2,1,惊慌失色,,
2791,3,1,惊皇失措,,
2792,3,1,井管拘墟,,
2793,2,1,惊风怒涛,,
2794,3,1,惊风骇浪,,
2795,3,1,镜分鸾凤,,
2796,2,1,惊耳骇目,,
2797,3,1,竞短争长,,
2798,3,1,井底虾蟆,,
2799,2,1,井底鸣蛙,,
2800,3,1,胫大于股,,
2801,3,1,惊采绝艳,,
2802,2,1,惊才绝艳,,
2803,3,1,鲸波鼍浪,,
2804,3,1,鲸波怒浪,,
2805,2,1,经邦纬国,,
2806,3,1,金紫银青,,
2807,3,1,谨终慎始,,
2808,2,1,进种善群,,
2809,3,1,谨终如始,,
2810,3,1,禁中颇牧,,
2811,2,1,尽忠竭力,,
2812,3,1,禁止令行,,
2813,3,1,矜智负能,,
2814,2,1,金鳷擘海,,
2815,3,1,金针见血,,
2816,3,1,锦阵花营,,
2817,2,1,金昭玉粹,,
2818,3,1,金章紫绶,,
2819,3,1,金章玉句,,
2820,2,1,金玉之言,,
2821,3,1,今雨新知,,
2822,3,1,金玉其质,,
2823,2,1,噀玉喷珠,,
2824,3,1,金玉良缘,,
2825,3,1,锦营花阵,,
2826,2,1,锦衣肉食,,
2827,3,1,晋阳之甲,,
2828,3,1,锦绣心肠,,
2829,2,1,锦胸绣口,,
2830,3,1,谨行俭用,,
2831,3,1,锦心绣肠,,
2832,2,1,谨谢不敏,,
2833,3,1,金相玉振,,
2834,3,1,金相玉映,,
2835,2,1,金相玉式,,
2836,3,1,金镶玉裹,,
2837,3,1,进贤用能,,
2838,2,1,进贤兴功,,
2839,3,1,进贤退愚,,
2840,3,1,进贤退佞,,
2841,2,1,进贤退奸,,
2842,3,1,进贤任能,,
2843,3,1,进贤屏恶,,
2844,2,1,进贤进能,,
2845,3,1,进贤达能,,
2846,3,1,进贤黜佞,,
2847,2,1,进贤黜奸,,
2848,3,1,进贤黜恶,,
2849,3,1,进贤拔能,,
2850,2,1,今夕何夕,,
2851,3,1,金屋之选,,
2852,3,1,金屋娇娘,,
2853,2,1,金吾不禁,,
2854,3,1,禁网疏阔,,
2855,3,1,进退中绳,,
2856,2,1,进退中度,,
2857,3,1,进退裕如,,
2858,3,1,进退有节,,
2859,2,1,进退有度,,
2860,3,1,进退有常,,
2861,3,1,进退应矩,,
2862,2,1,进退消息,,
2863,3,1,进退消长,,
2864,3,1,进退无依,,
2865,2,1,进退无途,,
2866,3,1,进退无所,,
2867,3,1,进退无据,,
2868,2,1,进退无措,,
2869,3,1,进退为难,,
2870,3,1,进退惟咎,,
2871,2,1,进退维艰,,
2872,3,1,进退维亟,,
2873,3,1,进退惟谷,,
2874,2,1,进退唯谷,,
2875,3,1,进退亡据,,
2876,3,1,进退损益,,
2877,2,1,进退双难,,
2878,3,1,进退首鼠,,
2879,3,1,进退失图,,
2880,2,1,进退失所,,
2881,3,1,进退失踞,,
2882,3,1,进退失措,,
2883,2,1,进退荣辱,,
2884,3,1,进退履绳,,
2885,3,1,进退路穷,,
2886,2,1,进退两端,,
2887,3,1,进退狼狈,,
2888,3,1,进退可否,,
2889,2,1,进退可度,,
2890,3,1,进退狐疑,,
2891,3,1,进退迍邅,,
2892,2,1,进退触籓,,
2893,3,1,进退触篱,,
2894,3,1,进退跋疐,,
2895,2,1,锦团花簇,,
2896,3,1,金题玉躞,,
2897,3,1,金淘沙拣,,
2898,2,1,金台市骏,,
2899,3,1,金石至交,,
2900,3,1,金石之坚,,
2901,2,1,金石之功,,
2902,3,1,金石之策,,
2903,3,1,今是昔非,,
2904,2,1,谨始虑终,,
2905,3,1,金石可开,,
2906,3,1,金石交情,,
2907,2,1,金石不渝,,
2908,3,1,金声掷地,,
2909,3,1,金声玉色,,
2910,2,1,金声玉服,,
2911,3,1,今生今世,,
2912,3,1,进身之阶,,
2913,2,1,谨身节用,,
2914,3,1,禁舍开塞,,
2915,3,1,金舌蔽口,,
2916,2,1,进善退恶,,
2917,3,1,进善黜恶,,
2918,3,1,进善惩奸,,
2919,2,1,进善惩恶,,
2920,3,1,进荣退辱,,
2921,3,1,金人之箴,,
2922,2,1,金人缄口,,
2923,3,1,进壤广地,,
2924,3,1,矜贫恤独,,
2925,2,1,矜贫救厄,,
2926,3,1,锦篇绣帙,,
2927,3,1,锦片前程,,
2928,2,1,矜能负才,,
2929,3,1,锦囊玉轴,,
2930,3,1,锦囊佳制,,
2931,2,1,锦囊还矢,,
2932,3,1,矜名嫉能,,
2933,3,1,矜名妒能,,
2934,2,1,金迷纸碎,,
2935,3,1,金门绣户,,
2936,3,1,金马玉堂,,
2937,2,1,进禄加官,,
2938,3,1,进利除害,,
2939,3,1,金兰之友,,
2940,2,1,金兰之交,,
2941,3,1,今来古往,,
2942,3,1,金口玉音,,
2943,2,1,金口御言,,
2944,3,1,噤口卷舌,,
2945,3,1,金科玉臬,,
2946,2,1,进可替否,,
2947,3,1,进可替不,,
2948,3,1,矜纠收缭,,
2949,2,1,斤斤自守,,
2950,3,1,斤斤较量,,
2951,3,1,近交远攻,,
2952,2,1,壸浆箪食,,
2953,3,1,金枷玉锁,,
2954,3,1,矜己自饰,,
2955,2,1,金辉玉洁,,
2956,3,1,晋惠闻蛙,,
2957,3,1,巾国英雄,,
2958,2,1,金闺玉堂,,
2959,3,1,金闺国士,,
2960,3,1,金光盖地,,
2961,2,1,津关险塞,,
2962,3,1,金鼓连天,,
2963,3,1,矜功恃宠,,
2964,2,1,禁攻寝兵,,
2965,3,1,矜功负气,,
2966,3,1,矜功伐善,,
2967,2,1,矜功伐能,,
2968,3,1,矜功不立,,
2969,3,1,金戈铁骑,,
2970,2,1,金戈铁甲,,
2971,3,1,金刚眼睛,,
2972,3,1,金刚努目,,
2973,2,1,进俯退俯,,
2974,3,1,尽付东流,,
2975,3,1,金风送爽,,
2976,2,1,金断觿决,,
2977,3,1,禁鼎一脔,,
2978,3,1,金貂贳酒,,
2979,2,1,金貂取酒,,
2980,3,1,进道若退,,
2981,3,1,进道若蜷,,
2982,2,1,金丹换骨,,
2983,3,1,锦簇花团,,
2984,3,1,金城石室,,
2985,2,1,金城千里,,
2986,3,1,尽诚竭节,,
2987,3,1,今蝉蜕壳,,
2988,2,1,金钗细合,,
2989,3,1,金波玉液,,
2990,3,1,金镳玉辔,,
2991,2,1,金镳玉络,,
2992,3,1,金碧荧煌,,
2993,3,1,金碧辉映,,
2994,2,1,金璧辉煌,,
2995,3,1,金篦刮目,,
2996,3,1,谨本详始,,
2997,2,1,禁暴正乱,,
2998,3,1,金榜挂名,,
2999,3,1,洁浊扬清,,
3000,2,1,竭智尽忠,,
3001,3,1,鸡豚之息,,
3002,3,1,急痛攻心,,
3003,2,1,极天罔地,,
3004,3,1,极天蟠地,,
3005,3,1,嫉贪如雠,,
3006,2,1,激贪厉俗,,
3007,3,1,集思广议,,
3008,3,1,极寿无疆,,
3009,2,1,挤手捏脚,,
3010,3,1,集矢之的,,
3011,3,1,即事穷理,,
3012,2,1,击石弹丝,,
3013,3,1,机事不密,,
3014,3,1,济世安民,,
3015,2,1,汲深绠短,,
3016,3,1,计上心头,,
3017,3,1,掎裳连襼,,
3018,2,1,箕山之节,,
3019,3,1,计日奏功,,
3020,3,1,计日指期,,
3021,2,1,计日以俟,,
3022,3,1,计日以期,,
3023,3,1,计日以待,,
3024,2,1,吉日良时,,
3025,3,1,计日可期,,
3026,3,1,计日而俟,,
3027,2,1,寄人檐下,,
3028,3,1,济人利物,,
3029,3,1,击壤鼓腹,,
3030,2,1,计然之术,,
3031,3,1,计然之策,,
3032,3,1,鸡犬无惊,,
3033,2,1,鸡犬不闻,,
3034,3,1,鸡犬不安,,
3035,3,1,饥駈叩门,,
3036,2,1,箕裘相继,,
3037,3,1,计穷智极,,
3038,3,1,计穷智短,,
3039,2,1,计穷途拙,,
3040,3,1,计穷势迫,,
3041,3,1,计穷势蹙,,
3042,2,1,计穷虑尽,,
3043,3,1,计穷虑极,,
3044,3,1,计穷力诎,,
3045,2,1,计穷力尽,,
3046,3,1,计穷力极,,
3047,3,1,极情纵欲,,
3048,2,1,极情尽致,,
3049,3,1,济窍飘风,,
3050,3,1,鸡栖凤巢,,
3051,2,1,击其不意,,
3052,3,1,击排冒没,,
3053,3,1,急拍繁弦,,
3054,2,1,己溺己饥,,
3055,3,1,及溺呼船,,
3056,3,1,机难轻失,,
3057,2,1,鸡鸣犬吠,,
3058,3,1,鸡鸣起舞,,
3059,3,1,鸡鸣候旦,,
3060,2,1,鸡鸣馌耕,,
3061,3,1,挤眉溜眼,,
3062,3,1,急脉缓受,,
3063,2,1,急敛暴征,,
3064,3,1,急吏缓民,,
3065,3,1,极口项斯,,
3066,2,1,饥渴交攻,,
3067,3,1,急景流年,,
3068,3,1,计尽力穷,,
3069,2,1,积金累玉,,
3070,3,1,饥馑荐臻,,
3071,3,1,计较锱铢,,
3072,2,1,寄迹山林,,
3073,3,1,汲汲忙忙,,
3074,3,1,计获事足,,
3075,2,1,饥火烧肠,,
3076,3,1,际会风云,,
3077,3,1,计合谋从,,
3078,2,1,饥寒交至,,
3079,3,1,饥寒交切,,
3080,3,1,吉光片裘,,
3081,2,1,吉光凤羽,,
3082,3,1,稽古振今,,
3083,3,1,极古穷今,,
3084,2,1,击毂摩肩,,
3085,3,1,稽古揆今,,
3086,3,1,汲古阁本,,
3087,2,1,讬公行私,,
3088,3,1,计功行封,,
3089,3,1,记功忘失,,
3090,2,1,记功忘过,,
3091,3,1,计功受赏,,
3092,3,1,计功受爵,,
3093,2,1,计功谋利,,
3094,3,1,计功量罪,,
3095,3,1,急功近名,,
3096,2,1,截辕杜辔,,
3097,3,1,节用爱民,,
3098,3,1,解疑释惑,,
3099,2,1,解衣磅礴,,
3100,3,1,解衣盘磅,,
3101,3,1,解衣盘礴,,
3102,2,1,解衣包火,,
3103,3,1,解衣抱火,,
3104,3,1,解衣般礴,,
3105,2,1,疥癣之疾,,
3106,3,1,街头巷底,,
3107,3,1,燋头烂额,,
3108,2,1,截铁斩钉,,
3109,3,1,街谈巷语,,
3110,3,1,街谭巷议,,
3111,2,1,街谈巷谚,,
3112,3,1,街谈巷说,,
3113,3,1,桀贪骜诈,,
3114,2,1,借水行舟,,
3115,3,1,借水推船,,
3116,3,1,借尸还阳,,
3117,2,1,洁身自守,,
3118,3,1,洁身自爱,,
3119,3,1,洁身累行,,
3120,2,1,借身报仇,,
3121,3,1,结舌杜口,,
3122,3,1,诘屈謷牙,,
3123,2,1,诘屈磝碻,,
3124,3,1,诘屈聱牙,,
3125,3,1,诘诎聱牙,,
3126,2,1,诘曲聱牙,,
3127,3,1,洁清自矢,,
3128,3,1,借篷使风,,
3129,2,1,解黏去缚,,
3130,3,1,接袂成帷,,
3131,3,1,借客报仇,,
3132,2,1,借景生情,,
3133,3,1,截胫剖心,,
3134,3,1,借剑杀人,,
3135,2,1,解剑拜仇,,
3136,3,1,解甲休士,,
3137,3,1,解甲休兵,,
3138,2,1,解甲倒戈,,
3139,3,1,洁己从公,,
3140,3,1,劫后馀生,,
3141,2,1,街号巷哭,,
3142,3,1,借古喻今,,
3143,3,1,借公行私,,
3144,2,1,解纷排难,,
3145,3,1,街坊邻里,,
3146,3,1,截发剉稾,,
3147,2,1,截发留宾,,
3148,3,1,截断众流,,
3149,3,1,截镫留鞭,,
3150,2,1,竭诚尽节,,
3151,3,1,解骖推食,,
3152,3,1,桀骜自恃,,
3153,2,1,桀骜难驯,,
3154,3,1,桀傲不驯,,
3155,3,1,桀骜不恭,,
3156,2,1,桀傲不恭,,
3157,3,1,骄佚奢淫,,
3158,3,1,矫言伪行,,
3159,2,1,狡焉思肆,,
3160,3,1,狡焉思启,,
3161,3,1,狡焉思逞,,
3162,2,1,焦心劳思,,
3163,3,1,脚心朝天,,
3164,3,1,矫邪归正,,
3165,2,1,狡兔三穴,,
3166,3,1,交头互耳,,
3167,3,1,嚼铁咀金,,
3168,2,1,骄泰淫泆,,
3169,3,1,焦思苦虑,,
3170,3,1,较瘦量肥,,
3171,2,1,矫世励俗,,
3172,3,1,骄奢淫佚,,
3173,3,1,骄奢淫泆,,
3174,2,1,齰舌缄唇,,
3175,3,1,骄奢放逸,,
3176,3,1,焦沙烂石,,
3177,2,1,较若画一,,
3178,3,1,挢揉造作,,
3179,3,1,矫情饰貌,,
3180,2,1,交能易作,,
3181,3,1,焦眉皱眼,,
3182,3,1,焦眉愁眼,,
3183,2,1,脚忙手乱,,
3184,3,1,娇鸾雏凤,,
3185,3,1,蛟龙戏水,,
3186,2,1,交詈聚唾,,
3187,3,1,角立杰出,,
3188,3,1,挢抂过正,,
3189,2,1,交口赞誉,,
3190,3,1,交口同声,,
3191,3,1,交颈并头,,
3192,2,1,焦金烁石,,
3193,3,1,角巾东路,,
3194,3,1,浇瓜之惠,,
3195,2,1,胶鬲之困,,
3196,3,1,脚高步低,,
3197,3,1,骄儿騃女,,
3198,2,1,嚼腭搥床,,
3199,3,1,较短絜长,,
3200,3,1,较短比长,,
3201,2,1,较德焯勤,,
3202,3,1,浇醇散朴,,
3203,3,1,浇淳散朴,,
3204,2,1,焦唇干舌,,
3205,3,1,焦唇干肺,,
3206,3,1,焦唇敝舌,,
3207,2,1,骄侈淫虐,,
3208,3,1,嚼齿穿龈,,
3209,3,1,骄侈暴佚,,
3210,2,1,鹪巢蚊睫,,
3211,3,1,较长絜短,,
3212,3,1,脚不沾地,,
3213,2,1,交臂相失,,
3214,3,1,江左夷吾,,
3215,3,1,降妖捉怪,,
3216,2,1,降颜屈体,,
3217,3,1,江淹梦笔,,
3218,3,1,江淹才尽,,
3219,2,1,将胸比肚,,
3220,3,1,降心下气,,
3221,3,1,降心顺俗,,
3222,2,1,降心俯首,,
3223,3,1,匠心独妙,,
3224,3,1,匠心独具,,
3225,2,1,将虾钓鳖,,
3226,3,1,将无做有,,
3227,3,1,将无作有,,
3228,2,1,讲文张字,,
3229,3,1,将天就地,,
3230,3,1,僵桃代李,,
3231,2,1,将顺其美,,
3232,3,1,浆水不交,,
3233,3,1,匠石运金,,
3234,2,1,将取固予,,
3235,3,1,江南海北,,
3236,3,1,江流日下,,
3237,2,1,将李代桃,,
3238,3,1,江郎才掩,,
3239,3,1,浆酒藿肉,,
3240,2,1,将机就计,,
3241,3,1,将功折过,,
3242,3,1,将功抵罪,,
3243,2,1,将飞翼伏,,
3244,3,1,江翻海扰,,
3245,3,1,江翻海搅,,
3246,2,1,江翻海沸,,
3247,3,1,江翻海倒,,
3248,3,1,奖罚分明,,
3249,2,1,将本求利,,
3250,3,1,将本求财,,
3251,3,1,降本流末,,
3252,2,1,兼朱重紫,,
3253,3,1,见智见仁,,
3254,3,1,渐至佳境,,
3255,2,1,蹇之匪躬,,
3256,3,1,坚执不从,,
3257,3,1,见义敢为,,
3258,2,1,见义当为,,
3259,3,1,见义必为,,
3260,3,1,见噎废食,,
3261,2,1,尖言冷语,,
3262,3,1,见小闇大,,
3263,3,1,见微知着,,
3264,2,1,见危致命,,
3265,3,1,践土食毛,,
3266,3,1,剑态箫心,,
3267,2,1,见所不见,,
3268,3,1,见素抱朴,,
3269,3,1,煎水作冰,,
3270,2,1,剑首一吷,,
3271,3,1,兼收博采,,
3272,3,1,兼收并录,,
3273,2,1,兼收并畜,,
3274,3,1,兼收并采,,
3275,3,1,见始知终,,
3276,2,1,见时知几,,
3277,3,1,见世生苗,,
3278,3,1,见事生风,,
3279,2,1,见事风生,,
3280,3,1,见神见鬼,,
3281,3,1,艰深晦涩,,
3282,2,1,坚如盘石,,
3283,3,1,贱入贵出,,
3284,3,1,兼容并蓄,,
3285,2,1,兼人之勇,,
3286,3,1,蹇人升天,,
3287,3,1,蹇人上天,,
3288,2,1,见诮大方,,
3289,3,1,见钱眼红,,
3290,3,1,鉴前毖后,,
3291,2,1,剑气箫心,,
3292,3,1,见溺不救,,
3293,3,1,艰难玉成,,
3294,2,1,肩摩袂接,,
3295,3,1,贱买贵卖,,
3296,3,1,践律蹈礼,,
3297,2,1,建瓴高屋,,
3298,3,1,贱敛贵发,,
3299,3,1,肩劳任怨,,
3300,2,1,兼览博照,,
3301,3,1,见哭兴悲,,
3302,3,1,缄口无言,,
3303,2,1,鉴空衡平,,
3304,3,1,见精识精,,
3305,3,1,见经识经,,
3306,2,1,煎胶续弦,,
3307,3,1,蹇蹇匪躬,,
3308,3,1,蒹葭之思,,
3309,2,1,兼葭倚玉,,
3310,3,1,兼葭秋水,,
3311,3,1,坚甲利刃,,
3312,2,1,坚甲厉兵,,
3313,3,1,剑及履及,,
3314,3,1,见几而作,,
3315,2,1,兼官重绂,,
3316,3,1,见惯司空,,
3317,3,1,见怪非怪,,
3318,2,1,建功立事,,
3319,3,1,见羹见墙,,
3320,3,1,俭腹高谈,,
3321,2,1,见风转篷,,
3322,3,1,见风使帆,,
3323,3,1,见风使船,,
3324,2,1,剪发披缁,,
3325,3,1,剪发被褐,,
3326,3,1,坚额健舌,,
3327,2,1,蹇谔匪躬,,
3328,3,1,见德思齐,,
3329,3,1,见弹求鹗,,
3330,2,1,俭存奢失,,
3331,3,1,肩从齿序,,
3332,3,1,间不容瞚,,
3333,2,1,间不容缕,,
3334,3,1,间不容砺,,
3335,3,1,肩背相望,,
3336,2,1,兼包并容,,
3337,3,1,兼包并畜,,
3338,3,1,挟主行令,,
3339,2,1,加枝添叶,,
3340,3,1,家至人说,,
3341,3,1,家至户晓,,
3342,2,1,家至户到,,
3343,3,1,家至户察,,
3344,3,1,戛玉敲冰,,
3345,2,1,戛玉锵金,,
3346,3,1,戛玉鸣金,,
3347,3,1,家谕户晓,,
3348,2,1,家喻户习,,
3349,3,1,加油添酱,,
3350,3,1,加油添醋,,
3351,2,1,家殷人足,,
3352,3,1,嘉言善状,,
3353,3,1,加膝坠泉,,
3354,2,1,驾雾腾云,,
3355,3,1,家无斗储,,
3356,3,1,家无担石,,
3357,2,1,家无常礼,,
3358,3,1,家亡国破,,
3359,3,1,家徒壁立,,
3360,2,1,浃髓沦肤,,
3361,3,1,挟势弄权,,
3362,3,1,颊上添毫,,
3363,2,1,颊上三毫,,
3364,3,1,家散人亡,,
3365,3,1,假仁假意,,
3366,2,1,假人辞色,,
3367,3,1,嫁犬逐犬,,
3368,3,1,夹枪带棒,,
3369,2,1,家破人离,,
3370,3,1,假名托姓,,
3371,3,1,假门假氏,,
3372,2,1,假眉三道,,
3373,3,1,浃沦肌髓,,
3374,3,1,家累千金,,
3375,2,1,架肩接踵,,
3376,3,1,驾肩接武,,
3377,3,1,驾肩接迹,,
3378,2,1,架肩击毂,,
3379,3,1,家骥人璧,,
3380,3,1,架谎凿空,,
3381,2,1,假虎张威,,
3382,3,1,驾鹤西游,,
3383,3,1,嫁狗逐狗,,
3384,2,1,假公营私,,
3385,3,1,戛釜撞瓮,,
3386,3,1,家反宅乱,,
3387,2,1,家烦宅乱,,
3388,3,1,甲第连云,,
3389,3,1,甲第连天,,
3390,2,1,价等连城,,
3391,3,1,家道消乏,,
3392,3,1,假道灭虢,,
3393,2,1,家传人诵,,
3394,3,1,家传户颂,,
3395,3,1,家传户诵,,
3396,2,1,家成业就,,
3397,3,1,家常里短,,
3398,3,1,家长礼短,,
3399,2,1,家常茶饭,,
3400,3,1,家藏户有,,
3401,3,1,急竹繁丝,,
3402,2,1,击中要害,,
3403,3,1,极重难返,,
3404,3,1,击钟鼎食,,
3405,2,1,极重不反,,
3406,3,1,赍志以殁,,
3407,3,1,赍志以没,,
3408,2,1,极智穷思,,
3409,3,1,极则必反,,
3410,3,1,霁月光风,,
3411,2,1,击玉敲金,,
3412,3,1,际遇风云,,
3413,3,1,汲引忘疲,,
3414,2,1,集腋为裘,,
3415,3,1,激扬清浊,,
3416,3,1,计研心算,,
3417,2,1,寄颜无所,,
3418,3,1,寄雁传书,,
3419,3,1,计勋行赏,,
3420,2,1,积雪囊萤,,
3421,3,1,吉凶祸福,,
3422,3,1,即兴之作,,
3423,2,1,计行言听,,
3424,3,1,计行虑义,,
3425,3,1,即小见大,,
3426,2,1,积小成大,,
3427,3,1,嫉贤傲士,,
3428,3,1,计无由出,,
3429,2,1,计无所之,,
3430,3,1,即物穷理,,
3431,3,1,极武穷兵,,
3432,2,1,计无返顾,,
3433,3,1,即温听厉,,
3434,3,1,积微成着,,
3435,2,1,极往知来,,
3436,3,1,吉网罗钳,,
3437,3,1,急公好施,,
3438,2,1,急功好利,,
3439,3,1,计功程劳,,
3440,3,1,讬公报私,,
3441,2,1,骥服盐车,,
3442,3,1,鸡肤鹤发,,
3443,3,1,疾风骤雨,,
3444,2,1,急风骤雨,,
3445,3,1,疾风劲草,,
3446,3,1,疾风暴雨,,
3447,2,1,计伐称勋,,
3448,3,1,积恶余殃,,
3449,3,1,嫉恶若仇,,
3450,2,1,极恶不赦,,
3451,3,1,计斗负才,,
3452,3,1,精采秀发,,
3453,2,1,尽态极妍,,
3454,3,1,金龟换酒,,
3455,3,1,九回肠断,,
3456,2,1,金科玉条,,
3457,3,1,借书留真,,
3458,3,1,举例发凡,,
3459,2,1,精力充沛,,
3460,3,1,襟怀洒落,,
3461,3,1,诘戎治兵,,
3462,2,1,就汤下面,,
3463,3,1,金友玉昆,,
3464,3,1,借风使船,,
3465,2,1,羯鼓催花,,
3466,3,1,鲸吸牛饮,,
3467,3,1,经国大业,,
3468,2,1,坚守不渝,,
3469,3,1,绝薪止火,,
3470,3,1,尽欢而散,,
3471,2,1,锦瑟年华,,
3472,3,1,缄口结舌,,
3473,3,1,句斟字酌,,
3474,2,1,近墨者黑,,
3475,3,1,九年之蓄,,
3476,3,1,久闻大名,,
3477,2,1,九原可作,,
3478,3,1,今愁古恨,,
3479,3,1,交相辉映,,
3480,2,1,举贤使能,,
3481,3,1,金相玉质,,
3482,3,1,藉草枕块,,
3483,2,1,结驷连骑,,
3484,3,1,矫矫不群,,
3485,3,1,剑胆琴心,,
3486,2,1,劫数难逃,,
3487,3,1,举动荆棘,,
3488,3,1,九九归一,,
3489,2,1,借贷无门,,
3490,3,1,倦鸟知还,,
3491,3,1,金无足赤,,
3492,2,1,巾帼奇才,,
3493,3,1,久安长治,,
3494,3,1,荆榛满目,,
3495,2,1,久别重逢,,
3496,3,1,人无完人,,
3497,3,1,解人难得,,
3498,2,1,交浅言深,,
3499,3,1,金汤之固,,
3500,3,1,金印紫绶,,
3501,2,1,屦贱踊贵,,
3502,3,1,久惯牢成,,
3503,3,1,敬贤礼士,,
3504,2,1,经史百子,,
3505,3,1,借交报仇,,
3506,3,1,见机而作,,
3507,2,1,僭赏滥刑,,
3508,3,1,金匮石室,,
3509,3,1,解甲投戈,,
3510,2,1,矫时慢物,,
3511,3,1,焦熬投石,,
3512,3,1,绝世独立,,
3513,2,1,举一废百,,
3514,3,1,酒阑人散,,
3515,3,1,绝少分甘,,
3516,2,1,矩步方行,,
3517,3,1,近火先焦,,
3518,3,1,金鸡消息,,
3519,2,1,崛地而起,,
3520,3,1,九转功成,,
3521,3,1,鉴影度形,,
3522,2,1,举要删芜,,
3523,3,1,精贯白日,,
3524,3,1,简能而任,,
3525,2,1,教猱升木,,
3526,3,1,江天一色,,
3527,3,1,虮虱相吊,,
3528,2,1,襟江带湖,,
3529,3,1,九洲四海,,
3530,3,1,居安资深,,
3531,2,1,臼头深目,,
3532,3,1,解兵释甲,,
3533,3,1,倔强倨傲,,
3534,2,1,金貂换酒,,
3535,3,1,咀嚼英华,,
3536,3,1,仅容旋马,,
3537,2,1,九烈三贞,,
3538,3,1,金风玉露,,
3539,3,1,决一胜负,,
3540,2,1,旌旗蔽日,,
3541,3,1,仅以身免,,
3542,3,1,精神满腹,,
3543,2,1,拒之门外,,
3544,3,1,将相之器,,
3545,3,1,九垓八埏,,
3546,2,1,计过自讼,,
3547,3,1,将夺固与,,
3548,3,1,兼权熟计,,
3549,2,1,敬如上宾,,
3550,3,1,茧丝牛毛,,
3551,3,1,迥然不群,,
3552,2,1,井中视星,,
3553,3,1,节哀顺变,,
3554,3,1,教无常师,,
3555,2,1,荆人涉澭,,
3556,3,1,架屋迭床,,
3557,3,1,见风转舵,,
3558,2,1,肩摩毂击,,
3559,3,1,嫁鸡随鸡,,
3560,3,1,金舌弊口,,
3561,2,1,焦心热中,,
3562,3,1,将门有将,,
3563,3,1,加人一等,,
3564,2,1,剑及屦及,,
3565,3,1,荆棘塞途,,
3566,3,1,近乡情怯,,
3567,2,1,谲怪之谈,,
3568,3,1,绝甘分少,,
3569,3,1,酒有别肠,,
3570,2,1,掘室求鼠,,
3571,3,1,举止失措,,
3572,3,1,骄兵之计,,
3573,2,1,见貌辨色,,
3574,3,1,计出无聊,,
3575,3,1,骥子龙文,,
3576,2,1,俭可养廉,,
3577,3,1,节用裕民,,
3578,3,1,鞠躬尽瘁,,
3579,2,1,酒入舌出,,
3580,3,1,掘井及泉,,
3581,3,1,镌心铭骨,,
3582,2,1,鹪鹩一枝,,
3583,3,1,惊鸿艳影,,
3584,3,1,今月古月,,
3585,2,1,桀犬吠尧,,
3586,3,1,谏争如流,,
3587,3,1,简截了当,,
3588,2,1,街巷阡陌,,
3589,3,1,兼听则明,,
3590,3,1,见弹求鸮,,
3591,2,1,剪烛西窗,,
3592,3,1,江山如故,,
3593,3,1,偏信则暗,,
3594,2,1,蒹葭伊人,,
3595,3,1,季友伯兄,,
3596,3,1,嗟悔无及,,
3597,2,1,接踵比肩,,
3598,3,1,教亦多术,,
3599,3,1,刻肌刻骨,,
3600,2,1,快步流星,,
3601,3,1,宽打窄用,,
3602,3,1,旷古未有,,
3603,2,1,慨当以慷,,
3604,3,1,匡时济世,,
3605,3,1,开柙出虎,,
3606,2,1,口中雌黄,,
3607,3,1,快意当前,,
3608,3,1,旷世奇才,,
3609,2,1,困心衡虑,,
3610,3,1,枯鱼衔索,,
3611,3,1,恪守成宪,,
3612,2,1,可发一噱,,
3613,3,1,困而不学,,
3614,3,1,开国元老,,
3615,2,1,看朱成碧,,
3616,3,1,昆山片玉,,
3617,3,1,枯苗望雨,,
3618,2,1,空话连篇,,
3619,3,1,姱容修态,,
3620,3,1,铿镪顿挫,,
3621,2,1,渴骥奔泉,,
3622,3,1,口血未干,,
3623,3,1,渴而掘井,,
3624,2,1,饥冻交切,,
3625,3,1,击电奔星,,
3626,3,1,既得利益,,
3627,2,1,计出无奈,,
3628,3,1,计出万死,,
3629,3,1,计绌方匮,,
3630,2,1,急杵捣心,,
3631,3,1,急处从宽,,
3632,3,1,鸡虫得丧,,
3633,2,1,屐齿之折,,
3634,3,1,季常之惧,,
3635,3,1,饥飡渴饮,,
3636,2,1,急不择途,,
3637,3,1,机不旋踵,,
3638,3,1,计不旋踵,,
3639,2,1,计不旋跬,,
3640,3,1,饥不暇食,,
3641,3,1,机不容发,,
3642,2,1,急不可耐,,
3643,3,1,鸡不及凤,,
3644,3,1,急不及待,,
3645,2,1,饥不遑食,,
3646,3,1,计不返顾,,
3647,3,1,计不反顾,,
3648,2,1,击搏挽裂,,
3649,3,1,击鞭锤镫,,
3650,3,1,极本穷源,,
3651,2,1,饥寒交凑,,
3652,3,1,见惯不惊,,
3653,3,1,枷脰械手,,
3654,2,1,机心械肠,,
3655,3,1,揭箧探囊,,
3656,3,1,桀骜不逊,,
3657,2,1,辑志协力,,
3658,3,1,就棍打腿,,
3659,3,1,几不欲生,,
3660,2,1,集萤映雪,,
3661,3,1,静影沉璧,,
3662,3,1,撅天扑地,,
3663,2,1,惊心夺目,,
3664,3,1,圈牢养物,,
3665,3,1,酒绿灯红,,
3666,2,1,俊杰廉悍,,
3667,3,1,金口玉言,,
3668,3,1,金尽裘弊,,
3669,2,1,经明行修,,
3670,3,1,君子固穷,,
3671,3,1,精锐之师,,
3672,2,1,九天揽月,,
3673,3,1,九鼎大吕,,
3674,3,1,君辱臣死,,
3675,2,1,举鼎拔山,,
3676,3,1,君命无二,,
3677,3,1,九儒十丐,,
3678,2,1,举无遗策,,
3679,3,1,眷眷之心,,
3680,3,1,进谗害贤,,
3681,2,1,涓滴成河,,
3682,3,1,聚米为山,,
3683,3,1,金口木舌,,
3684,2,1,具自陈道,,
3685,3,1,襟怀磊落,,
3686,3,1,泾浊渭清,,
3687,2,1,涓涓不壅,,
3688,3,1,惊喜欲狂,,
3689,3,1,举鼎绝膑,,
3690,2,1,敬老尊贤,,
3691,3,1,尽其所长,,
3692,3,1,惊世骇俗,,
3693,2,1,金瓶落井,,
3694,3,1,据鞍读书,,
3695,3,1,举步生风,,
3696,2,1,举善荐贤,,
3697,3,1,踞炉炭上,,
3698,3,1,举直措枉,,
3699,2,1,鸠集凤池,,
3700,3,1,敬业乐群,,
3701,3,1,绝仁弃义,,
3702,2,1,敬老慈幼,,
3703,3,1,捐躯赴难,,
3704,3,1,旧念复萌,,
3705,2,1,龃龉不合,,
3706,3,1,旧仇宿怨,,
3707,3,1,戒奢宁俭,,
3708,2,1,紧打慢敲,,
3709,3,1,金浆玉醴,,
3710,3,1,捐躯殉国,,
3711,2,1,绝其本根,,
3712,3,1,就地正法,,
3713,3,1,纠合之众,,
3714,2,1,臼杵之交,,
3715,3,1,绝路逢生,,
3716,3,1,酒池肉林,,
3717,2,1,旧恨新仇,,
3718,3,1,敬陈管见,,
3719,3,1,解民倒悬,,
3720,2,1,局骗拐带,,
3721,3,1,精兵强将,,
3722,3,1,经文纬武,,
3723,2,1,举止言谈,,
3724,3,1,举手加额,,
3725,3,1,锦绣山河,,
3726,2,1,九曲回肠,,
3727,3,1,金石丝竹,,
3728,3,1,解衣卸甲,,
3729,2,1,举目千里,,
3730,3,1,镜里观花,,
3731,3,1,久经风霜,,
3732,2,1,金瓯无缺,,
3733,3,1,金壶墨汁,,
3734,3,1,进退存亡,,
3735,2,1,救火投薪,,
3736,3,1,救火扬沸,,
3737,3,1,惊恐失色,,
3738,2,1,惊愕失色,,
3739,3,1,荆棘载途,,
3740,3,1,进旅退旅,,
3741,2,1,锦天绣地,,
3742,3,1,金人之缄,,
3743,3,1,举止娴雅,,
3744,2,1,精金百炼,,
3745,3,1,金钗换酒,,
3746,3,1,金翅擘海,,
3747,2,1,就正有道,,
3748,3,1,久居人下,,
3749,3,1,金精玉液,,
3750,2,1,君子之交,,
3751,3,1,嚼墨喷纸,,
3752,3,1,臼灶生蛙,,
3753,2,1,竭泽焚薮,,
3754,3,1,钧天广乐,,
3755,3,1,拘神遣将,,
3756,2,1,疚心疾首,,
3757,3,1,锦绣肝肠,,
3758,3,1,居之不疑,,
3759,2,1,解发佯狂,,
3760,3,1,经丘寻壑,,
3761,3,1,敬终慎始,,
3762,2,1,居停主人,,
3763,3,1,惊猿脱兔,,
3764,3,1,金玉锦绣,,
3765,2,1,矜愚饰智,,
3766,3,1,矫情镇物,,
3767,3,1,救过补阙,,
3768,2,1,久负盛名,,
3769,3,1,进退无门,,
3770,3,1,借箸代筹,,
3771,2,1,经帮纬国,,
3772,3,1,决胜庙堂,,
3773,3,1,九流人物,,
3774,2,1,进锐退速,,
3775,3,1,绝裾而去,,
3776,3,1,涓埃之力,,
3777,2,1,惊师动众,,
3778,3,1,卷帙浩繁,,
3779,3,1,举世混浊,,
3780,2,1,居官守法,,
3781,3,1,久悬不决,,
3782,3,1,井臼亲操,,
3783,2,1,竭力虔心,,
3784,3,1,绝圣弃智,,
3785,3,1,教一识百,,
3786,2,1,镜破钗分,,
3787,3,1,荆棘铜驼,,
3788,3,1,惊蛇入草,,
3789,2,1,谲而不正,,
3790,3,1,居心险恶,,
3791,3,1,惊心悼胆,,
3792,2,1,精金良玉,,
3793,3,1,谨毛失貌,,
3794,3,1,径情直行,,
3795,2,1,橘化为枳,,
3796,3,1,久要不忘,,
3797,3,1,金石之计,,
3798,2,1,举如鸿毛,,
3799,3,1,取如拾遗,,
3800,3,1,经纬天下,,
3801,2,1,经纬万端,,
3802,3,1,金钗十二,,
3803,3,1,剑头一吷,,
3804,2,1,将门虎子,,
3805,3,1,脚不点地,,
3806,3,1,旧雨今雨,,
3807,2,1,酒食地狱,,
3808,3,1,久怀慕蔺,,
3809,3,1,巾帼须眉,,
3810,2,1,接三连四,,
3811,3,1,借面吊丧,,
3812,3,1,结不解缘,,
3813,2,1,见仁见智,,
3814,3,1,锦衣行昼,,
3815,3,1,教妇初来,,
3816,2,1,娟好静秀,,
3817,3,1,具食与乐,,
3818,3,1,巾帼丈夫,,
3819,2,1,截趾适屦,,
3820,3,1,阶前万里,,
3821,3,1,皎阳似火,,
3822,2,1,开疆拓宇,,
3823,3,1,开疆拓土,,
3824,3,1,开疆拓境,,
3825,2,1,开花结实,,
3826,3,1,开华结果,,
3827,3,1,开国承家,,
3828,2,1,开门延盗,,
3829,3,1,枯木生花,,
3830,3,1,克肩一心,,
3831,2,1,夸父追日,,
3832,3,1,亏心短行,,
3833,3,1,跬步千里,,
3834,2,1,狂犬吠日,,
3835,3,1,苦思冥想,,
3836,3,1,匡乱反正,,
3837,2,1,苦口良药,,
3838,3,1,口出大言,,
3839,3,1,快犊破车,,
3840,2,1,磕头碰脑,,
3841,3,1,刻苦耐劳,,
3842,3,1,愧天怍人,,
3843,2,1,恪守不渝,,
3844,3,1,看菜吃饭,,
3845,3,1,孔武有力,,
3846,2,1,慷慨赴义,,
3847,3,1,刻意经营,,
3848,3,1,空费词说,,
3849,2,1,克己复礼,,
3850,3,1,口多食寡,,
3851,3,1,口尚乳臭,,
3852,2,1,口口相传,,
3853,3,1,开云见日,,
3854,3,1,硁硁之愚,,
3855,2,1,溘然长往,,
3856,3,1,苦尽甜来,,
3857,3,1,恐遭物议,,
3858,2,1,旷古未闻,,
3859,3,1,口沸目赤,,
3860,3,1,慨然允诺,,
3861,2,1,困知勉行,,
3862,3,1,胯下之辱,,
3863,3,1,口诵心惟,,
3864,2,1,狂奴故态,,
3865,3,1,宽猛相济,,
3866,3,1,枯杨生稊,,
3867,2,1,恐慌万状,,
3868,3,1,夸多斗靡,,
3869,3,1,扛鼎抃牛,,
3870,2,1,馈贫之粮,,
3871,3,1,口燥唇干,,
3872,3,1,口讲指画,,
3873,2,1,阔步高谈,,
3874,3,1,抠心挖肚,,
3875,3,1,困而学之,,
3876,2,1,可操左券,,
3877,3,1,抗尘走俗,,
3878,3,1,慷慨输将,,
3879,2,1,开科取士,,
3880,3,1,看风使舵,,
3881,3,1,狂风骤雨,,
3882,2,1,筐箧中物,,
3883,3,1,坎井之蛙,,
3884,3,1,口齿伶俐,,
3885,2,1,慷慨悲歌,,
3886,3,1,口吐珠玑,,
3887,3,1,苦心积虑,,
3888,2,1,苦口逆耳,,
3889,3,1,昆弟之好,,
3890,3,1,跨凤乘鸾,,
3891,2,1,喟然长叹,,
3892,3,1,恇怯不前,,
3893,3,1,开雾睹天,,
3894,2,1,克己慎行,,
3895,3,1,哭丧着脸,,
3896,3,1,扣槃扪烛,,
3897,2,1,狂吠狴犴,,
3898,3,1,口耳并重,,
3899,3,1,悃愊无华,,
3900,2,1,口中蚤虱,,
3901,3,1,伉俪情深,,
3902,3,1,廓达大度,,
3903,2,1,款学寡闻,,
3904,3,1,口齿生香,,
3905,3,1,枯树生花,,
3906,2,1,叩石垦壤,,
3907,3,1,犒赏三军,,
3908,3,1,考绩幽明,,
3909,2,1,葵藿倾阳,,
3910,3,1,客死他乡,,
3911,3,1,开心见诚,,
3912,2,1,枯形灰心,,
3913,3,1,匡救弥缝,,
3914,3,1,看人眉眼,,
3915,2,1,见善必迁,,
3916,3,1,稼穑艰难,,
3917,3,1,戛玉敲金,,
3918,2,1,计无付之,,
3919,3,1,计穷力屈,,
3920,3,1,鸡胸龟背,,
3921,2,1,愿者上钩,,
3922,3,1,急人之难,,
3923,3,1,击节称赏,,
3924,2,1,假途灭虢,,
3925,3,1,假以辞色,,
3926,3,1,较武论文,,
3927,2,1,价廉物美,,
3928,3,1,寂天寞地,,
3929,3,1,静观默察,,
3930,2,1,交梨火枣,,
3931,3,1,降尊临卑,,
3932,3,1,将遇良材,,
3933,2,1,兼程前进,,
3934,3,1,架海金梁,,
3935,3,1,家道从容,,
3936,2,1,济苦怜贫,,
3937,3,1,接风洗尘,,
3938,3,1,家见户说,,
3939,2,1,拣佛烧香,,
3940,3,1,葭莩之亲,,
3941,3,1,纪群之交,,
3942,2,1,极深研幾,,
3943,3,1,胶柱调瑟,,
3944,3,1,尽入彀中,,
3945,2,1,剪草除根,,
3946,3,1,俭故能广,,
3947,3,1,计功补过,,
3948,2,1,剑树刀山,,
3949,3,1,济寒赈贫,,
3950,3,1,几尽一刻,,
3951,2,1,及锋而试,,
3952,3,1,家道中落,,
3953,3,1,击碎唾壶,,
3954,2,1,季孟之间,,
3955,3,1,机关算尽,,
3956,3,1,际地蟠天,,
3957,2,1,假痴不癫,,
3958,3,1,及第成名,,
3959,3,1,家无二主,,
3960,2,1,济弱扶倾,,
3961,3,1,皎如日星,,
3962,3,1,寄兴寓情,,
3963,2,1,贱敛贵出,,
3964,3,1,计出万全,,
3965,3,1,交臂历指,,
3966,2,1,间不容息,,
3967,3,1,结绳而治,,
3968,3,1,洁己奉公,,
3969,2,1,鸡鸣狗吠,,
3970,3,1,见危授命,,
3971,3,1,俭以养德,,
3972,2,1,济世安人,,
3973,3,1,计无所施,,
3974,3,1,兼弱攻昧,,
3975,2,1,假力于人,,
3976,3,1,家鸡野雉,,
3977,3,1,戟指怒目,,
3978,2,1,积铢累寸,,
3979,3,1,击鼓鸣金,,
3980,3,1,掎裳连袂,,
3981,2,1,见鞍思马,,
3982,3,1,静如处女,,
3983,3,1,讲信修睦,,
3984,2,1,拣精择肥,,
3985,3,1,动如脱兔,,
3986,3,1,家翻宅乱,,
3987,2,1,姜桂之性,,
3988,3,1,见笑大方,,
3989,3,1,剪恶除奸,,
3990,2,1,家家户户,,
3991,3,1,赍粮藉寇,,
3992,3,1,鸡鹜争食,,
3993,2,1,瘠人肥己,,
3994,3,1,街头巷尾,,
3995,3,1,家鸡野鹜,,
3996,2,1,继晷焚膏,,
3997,3,1,记问之学,,
3998,3,1,佳人才子,,
3999,2,1,疾足先得,,
4000,3,1,降贵纡尊,,
4001,3,1,见性成佛,,
4002,2,1,计深虑远,,
4003,3,1,见微知萌,,
4004,3,1,浆酒霍肉,,
4005,2,1,剑戟森森,,
4006,3,1,剪发杜门,,
4007,3,1,假惺惺,,
4008,2,1,浃髓沦肌,,
4009,3,1,见机而行,,
4010,3,1,尖嘴薄舌,,
4011,2,1,夹七夹八,,
4012,3,1,嫉闲妒能,,
4013,3,1,积不相能,,
4014,2,1,奸同鬼蜮,,
4015,3,1,吉祥止止,,
4016,3,1,计日而待,,
4017,2,1,疾言遽色,,
4018,3,1,极目迥望,,
4019,3,1,行若狐鼠,,
4020,2,1,激忿填膺,,
4021,3,1,见豕负涂,,
4022,3,1,见弃于人,,
4023,2,1,价增一顾,,
4024,3,1,竭诚相待,,
4025,3,1,截鹤续凫,,
4026,2,1,家长里短,,
4027,3,1,讲经说法,,
4028,3,1,家有敝帚,,
4029,2,1,见兔顾犬,,
4030,3,1,见墙见羹,,
4031,3,1,甲冠天下,,
4032,2,1,积羽沉舟,,
4033,3,1,享之千金,,
4034,3,1,交淡若水,,
4035,2,1,将勤补拙,,
4036,3,1,江汉朝宗,,
4037,3,1,积日累久,,
4038,2,1,简要不烦,,
4039,3,1,加膝坠渊,,
4040,3,1,积德累仁,,
4041,2,1,急于星火,,
4042,3,1,见雀张罗,,
4043,3,1,急景凋年,,
4044,2,1,郊寒岛瘦,,
4045,3,1,见兔放鹰,,
4046,3,1,济世安邦,,
4047,2,1,掎挈伺诈,,
4048,3,1,急脉缓灸,,
4049,3,1,坚忍不拔,,
4050,2,1,瘠己肥人,,
4051,3,1,鸡声鹅斗,,
4052,3,1,鸡鸣戒旦,,
4053,2,1,积年累月,,
4054,3,1,集苑集枯,,
4055,3,1,激昂青云,,
4056,2,1,即鹿无虞,,
4057,3,1,积善成德,,
4058,3,1,尖酸刻薄,,
4059,2,1,继绝存亡,,
4060,3,1,季常之癖,,
4061,3,1,计无所出,,
4062,2,1,极而言之,,
4063,3,1,鸡皮鹤发,,
4064,3,1,鸡口牛后,,
4065,2,1,吉凶未卜,,
4066,3,1,赍志而没,,
4067,3,1,积微成著,,
4068,2,1,急公近利,,
4069,3,1,急不暇择,,
4070,3,1,积德累功,,
4071,2,1,饥附饱飏,,
4072,3,1,积土为山,,
4073,3,1,积善余庆,,
4074,2,1,搅海翻江,,
4075,3,1,积水为海,,
4076,3,1,角巾私第,,
4077,2,1,饥鹰饿虎,,
4078,3,1,纪纲人论,,
4079,3,1,计功行赏,,
4080,2,1,积厚流光,,
4081,3,1,积水成渊,,
4082,3,1,济世匡时,,
4083,2,1,疾如旋踵,,
4084,3,1,及笄年华,,
4085,3,1,及瓜而代,,
4086,2,1,佳儿佳妇,,
4087,3,1,疾如雷电,,
4088,3,1,激薄停浇,,
4089,2,1,积沙成塔,,
4090,3,1,家给民足,,
4091,3,1,季孙之忧,,
4092,2,1,积谷防饥,,
4093,3,1,击筑悲歌,,
4094,3,1,积案盈箱,,
4095,2,1,家无儋石,,
4096,3,1,家贫亲老,,
4097,3,1,急赤白脸,,
4098,2,1,积于忽微,,
4099,3,1,积玉堆金,,
4100,3,1,击楫中流,,
4101,2,1,思之千里,,
4102,3,1,加官进爵,,
4103,3,1,急于事功,,
4104,2,1,积忧成疾,,
4105,3,1,假人假义,,
4106,3,1,季布一诺,,
4107,2,1,见可而进,,
4108,3,1,极目远眺,,
4109,3,1,鸡鸣而起,,
4110,2,1,稷蜂社鼠,,
4111,3,1,鸡犬皆仙,,
4112,3,1,寂然不动,,
4113,2,1,鸡鹜相争,,
4114,3,1,极天际地,,
4115,3,1,机变如神,,
4116,2,1,机杼一家,,
4117,3,1,激昂慷慨,,
4118,3,1,鸡飞狗走,,
4119,2,1,积草屯粮,,
4120,3,1,饥餐渴饮,,
4121,3,1,疾不可为,,
4122,2,1,寂若无人,,
4123,3,1,济世救人,,
4124,3,1,季路一言,,
4125,2,1,急张拘诸,,
4126,3,1,及宾有鱼,,
4127,3,1,夹袋人物,,
4128,2,1,疾风迅雷,,
4129,3,1,颊上三毛,,
4130,3,1,夹枪带棍,,
4131,2,1,济弱锄强,,
4132,3,1,急管繁弦,,
4133,3,1,积薪厝火,,
4134,2,1,积甲山齐,,
4135,3,1,鸡头鱼刺,,
4136,3,1,计穷力竭,,
4137,2,1,己饥己溺,,
4138,3,1,畸轻畸重,,
4139,3,1,鸡尸牛从,,
4140,2,1,鸡犬桑麻,,
4141,3,1,鸡骨支床,,
4142,3,1,骏骨牵盐,,
4143,2,1,峻阪盐车,,
4144,3,1,皲手茧足,,
4145,3,1,镌骨铭心,,
4146,2,1,捐本逐末,,
4147,3,1,踞虎盘龙,,
4148,3,1,屦及剑及,,
4149,2,1,聚米为谷,,
4150,3,1,距人千里,,
4151,3,1,据高临下,,
4152,2,1,俱收并蓄,,
4153,3,1,钜学鸿生,,
4154,3,1,拒人千里,,
4155,2,1,拒虎进狼,,
4156,3,1,救经引足,,
4157,3,1,救急扶伤,,
4158,2,1,救焚拯溺,,
4159,3,1,救焚益薪,,
4160,3,1,救焚投薪,,
4161,2,1,旧恨新愁,,
4162,3,1,旧病复发,,
4163,3,1,酒醉饭饱,,
4164,2,1,酒余茶后,,
4165,3,1,酒食征逐,,
4166,3,1,酒肉兄弟,,
4167,2,1,酒病花愁,,
4168,3,1,灸艾分痛,,
4169,3,1,竞今疏古,,
4170,2,1,径一周三,,
4171,3,1,警愦觉聋,,
4172,3,1,景星庆云,,
4173,2,1,井井有序,,
4174,3,1,井底蛤蟆,,
4175,3,1,鲸吞蚕食,,
4176,2,1,精疲力尽,,
4177,3,1,君子好逑,,
4178,3,1,嚼穿龈血,,
4179,2,1,橛守成规,,
4180,3,1,倔头强脑,,
4181,3,1,觉人觉世,,
4182,2,1,绝子绝孙,,
4183,3,1,抉目吴门,,
4184,3,1,撧耳挠腮,,
4185,2,1,撅坑撅堑,,
4186,3,1,倦尾赤色,,
4187,3,1,卷甲倍道,,
4188,2,1,举枉措直,,
4189,3,1,举手相庆,,
4190,3,1,举棋若定,,
4191,2,1,跼天蹐地,,
4192,3,1,跼蹐不安,,
4193,3,1,鞠躬屏气,,
4194,2,1,鞠躬尽瘁,,
4195,3,1,驹光过隙,,
4196,3,1,驹窗电逝,,
4197,2,1,拘俗守常,,
4198,3,1,拘奇抉异,,
4199,3,1,居利思义,,
4200,2,1,救困扶危,,
4201,3,1,九行八业,,
4202,3,1,九天仙女,,
4203,2,1,九牛一毫,,
4204,3,1,九流三教,,
4205,3,1,九鼎一丝,,
4206,2,1,九变十化,,
4207,3,1,鸠车竹马,,
4208,3,1,迥不犹人,,
4209,2,1,静言令色,,
4210,3,1,靖言庸违,,
4211,3,1,敬恭桑梓,,
4212,2,1,精金美玉,,
4213,3,1,精彩逼人,,
4214,3,1,惊魂动魄,,
4215,2,1,惊才风逸,,
4216,3,1,经济之才,,
4217,3,1,尽多尽少,,
4218,2,1,锦绣江山,,
4219,3,1,锦心绣腹,,
4220,3,1,锦瑟华年,,
4221,2,1,锦囊佳句,,
4222,3,1,筋疲力竭,,
4223,3,1,矜功自伐,,
4224,2,1,金玉其外,,
4225,3,1,金屋贮娇,,
4226,3,1,金石之言,,
4227,2,1,败絮其中,,
4228,3,1,娇皮嫩肉,,
4229,3,1,匠门弃材,,
4230,2,1,讲古论今,,
4231,3,1,僵李代桃,,
4232,3,1,将机就机,,
4233,2,1,江湖骗子,,
4234,3,1,箭拔弩张,,
4235,3,1,减师半德,,
4236,2,1,俭不中礼,,
4237,3,1,拣精拣肥,,
4238,3,1,蒹葭倚玉,,
4239,2,1,煎豆摘瓜,,
4240,3,1,兼权尚计,,
4241,3,1,兼爱无私,,
4242,2,1,艰难曲折,,
4243,3,1,肩摩踵接,,
4244,3,1,肩背难望,,
4245,2,1,家败人亡,,
4246,3,1,浃背汗流,,
4247,3,1,佳人薄命,,
4248,2,1,佳兵不祥,,
4249,3,1,加油加醋,,
4250,3,1,加减乘除,,
4251,2,1,骥伏盐车,,
4252,3,1,霁风朗月,,
4253,3,1,寂寂无闻,,
4254,2,1,继古开今,,
4255,3,1,计无复之,,
4256,3,1,计上心来,,
4257,2,1,计日可待,,
4258,3,1,戟指嚼舌,,
4259,3,1,经国之才,,
4260,2,1,经邦论道,,
4261,3,1,京兆画眉,,
4262,3,1,禁情割欲,,
4263,2,1,禁暴诛乱,,
4264,3,1,浸润之谮,,
4265,3,1,晋用楚材,,
4266,2,1,进退无路,,
4267,3,1,进退出处,,
4268,3,1,进寸退尺,,
4269,2,1,进本退末,,
4270,3,1,近亲繁殖,,
4271,3,1,尽心尽力,,
4272,2,1,金石良言,,
4273,3,1,金声玉润,,
4274,3,1,金人三缄,,
4275,2,1,金尽裘敝,,
4276,3,1,金浆玉液,,
4277,3,1,金谷酒数,,
4278,2,1,解弦更张,,
4279,3,1,竭智尽力,,
4280,3,1,截趾适履,,
4281,2,1,揭地掀天,,
4282,3,1,较短量长,,
4283,3,1,挢枉过正,,
4284,2,1,角户分门,,
4285,3,1,燋金烁石,,
4286,3,1,焦眉苦脸,,
4287,2,1,焦金流石,,
4288,3,1,椒焚桂折,,
4289,3,1,骄生惯养,,
4290,2,1,浇风薄俗,,
4291,3,1,娇声娇气,,
4292,3,1,槛花笼鹤,,
4293,2,1,鉴貌辨色,,
4294,3,1,鉴机识变,,
4295,3,1,践规踏矩,,
4296,2,1,谏尸谤屠,,
4297,3,1,渐不可长,,
4298,3,1,贱目贵耳,,
4299,2,1,见景生情,,
4300,3,1,见幾而作,,
4301,3,1,见风是雨,,
4302,2,1,蹇视高步,,
4303,3,1,简捷了当,,
4304,3,1,间不容缓,,
4305,2,1,歼一警百,,
4306,3,1,坚贞不渝,,
4307,3,1,尖言尖语,,
4308,2,1,嫁鸡逐鸡,,
4309,3,1,嫁狗随狗,,
4310,3,1,假誉驰声,,
4311,2,1,假戏真做,,
4312,3,1,假门假事,,
4313,3,1,假痴假呆,,
4314,2,1,驾鹤成仙,,
4315,3,1,戛戛独造,,
4316,3,1,嘉言善行,,
4317,2,1,蹐地跼天,,
4318,3,1,瘠牛羸豚,,
4319,3,1,嫉贤妒能,,
4320,2,1,嫉恶如仇,,
4321,3,1,棘地荆天,,
4322,3,1,戢鳞潜翼,,
4323,2,1,疾声厉色,,
4324,3,1,疾病相扶,,
4325,3,1,亟疾苛察,,
4326,2,1,极深研几,,
4327,3,1,极恶穷凶,,
4328,3,1,即景生情,,
4329,2,1,汲汲顾影,,
4330,3,1,齑身粉骨,,
4331,3,1,稽疑送难,,
4332,2,1,箕风毕雨,,
4333,3,1,跻峰造极,,
4334,3,1,赍志而殁,,
4335,2,1,绩学之士,,
4336,3,1,积沙成滩,,
4337,3,1,鸡争鹅斗,,
4338,2,1,鸡犬相闻,,
4339,3,1,鸡飞狗跳,,
4340,3,1,鸡飞狗叫,,
4341,2,1,鸡肠狗肚,,
4342,3,1,肌劈理解,,
4343,3,1,击钵催诗,,
4344,2,1,葵花向日,,
4345,3,1,快言快语,,
4346,3,1,叩阍无计,,
4347,2,1,空头人情,,
4348,3,1,空前未有,,
4349,3,1,空空洞洞,,
4350,2,1,坑坑洼洼,,
4351,3,1,看人说话,,
4352,3,1,开足马力,,
4353,2,1,旷世逸才,,
4354,3,1,旷若发蒙,,
4355,3,1,旷日引月,,
4356,2,1,旷日累时,,
4357,3,1,旷古一人,,
4358,3,1,狂涛巨浪,,
4359,2,1,狂朋怪友,,
4360,3,1,款语温言,,
4361,3,1,枯朽之余,,
4362,2,1,扣槃扪籥,,
4363,3,1,口出狂言,,
4364,3,1,恐后无凭,,
4365,2,1,铿锵有力,,
4366,3,1,嗑牙料嘴,,
4367,3,1,亢音高唱,,
4368,2,1,括目相待,,
4369,3,1,昆山之玉,,
4370,3,1,窥牖小儿,,
4371,2,1,魁梧奇伟,,
4372,3,1,揆文奋武,,
4373,3,1,揆时度势,,
4374,2,1,揆情审势,,
4375,3,1,揆理度势,,
4376,3,1,窥间伺隙,,
4377,2,1,溃兵游勇,,
4378,3,1,旷心怡神,,
4379,3,1,匡俗济时,,
4380,2,1,旷世无匹,,
4381,3,1,匡时济俗,,
4382,3,1,狂三诈四,,
4383,2,1,旷日引久,,
4384,3,1,旷日离久,,
4385,3,1,旷日经年,,
4386,2,1,旷日经久,,
4387,3,1,旷日积晷,,
4388,3,1,旷日长久,,
4389,2,1,匡其不逮,,
4390,3,1,狂朋恠友,,
4391,3,1,狂朋怪侣,,
4392,2,1,匡谬正俗,,
4393,3,1,匡衡凿壁,,
4394,3,1,匡国济时,,
4395,2,1,狂瞽之言,,
4396,3,1,匡鼎解颐,,
4397,3,1,款曲周至,,
4398,2,1,宽猛并济,,
4399,3,1,款款深深,,
4400,3,1,款款而谈,,
4401,2,1,宽豁大度,,
4402,3,1,宽怀大度,,
4403,3,1,宽洪海量,,
4404,2,1,宽洪大量,,
4405,3,1,宽洪大度,,
4406,3,1,快心遂意,,
4407,2,1,快心满志,,
4408,3,1,快心满意,,
4409,3,1,郐下无讥,,
4410,2,1,快人快性,,
4411,3,1,快刀斩麻,,
4412,3,1,跨山压海,,
4413,2,1,夸强道会,,
4414,3,1,夸夸而谈,,
4415,3,1,夸大其辞,,
4416,2,1,枯枝再春,,
4417,3,1,刳脂剔膏,,
4418,3,1,枯耘伤岁,,
4419,2,1,楛耘伤岁,,
4420,3,1,枯鱼涸辙,,
4421,3,1,枯鱼病鹤,,
4422,2,1,枯朽之馀,,
4423,3,1,刳形去皮,,
4424,3,1,刳心雕肾,,
4425,2,1,枯体灰心,,
4426,3,1,刳胎杀夭,,
4427,3,1,刳胎焚夭,,
4428,2,1,枯树生华,,
4429,3,1,枯树逢春,,
4430,3,1,苦身焦思,,
4431,2,1,枯蓬断草,,
4432,3,1,枯枿朽株,,
4433,3,1,枯脑焦心,,
4434,2,1,枯木再生,,
4435,3,1,枯木发荣,,
4436,3,1,哭哭啼啼,,
4437,2,1,刳精呕血,,
4438,3,1,刳精鉥心,,
4439,3,1,苦海茫茫,,
4440,2,1,枯骨之馀,,
4441,3,1,枯骨生肉,,
4442,3,1,刳肝沥胆,,
4443,2,1,口坠天花,,
4444,3,1,叩源推委,,
4445,3,1,口壅若川,,
4446,2,1,抠心挖血,,
4447,3,1,口谐辞给,,
4448,3,1,口衔天宪,,
4449,2,1,口无择言,,
4450,3,1,口诵心维,,
4451,3,1,口似悬河,,
4452,2,1,口是心苗,,
4453,3,1,口如悬河,,
4454,3,1,扣盘扪烛,,
4455,2,1,扣盘扪钥,,
4456,3,1,口角风情,,
4457,3,1,扣楫中流,,
4458,2,1,叩阍无路,,
4459,3,1,口干舌焦,,
4460,3,1,口耳相承,,
4461,2,1,口呆目钝,,
4462,3,1,口呆目瞪,,
4463,3,1,口不二价,,
4464,2,1,孔席不适,,
4465,3,1,孔席不暖,,
4466,3,1,空谈快意,,
4467,2,1,孔思周情,,
4468,3,1,孔情周思,,
4469,3,1,空谷幽兰,,
4470,2,1,空谷白驹,,
4471,3,1,空腹便便,,
4472,3,1,铿金霏玉,,
4473,2,1,坑家败业,,
4474,3,1,坑灰未冷,,
4475,3,1,坑绷拐骗,,
4476,2,1,肯构肯堂,,
4477,3,1,课嘴撩牙,,
4478,3,1,咳珠唾玉,,
4479,2,1,科头箕踞,,
4480,3,1,克嗣良裘,,
4481,3,1,溘然长逝,,
4482,2,1,可泣可歌,,
4483,3,1,刻木为鹄,,
4484,3,1,颗粒无收,,
4485,2,1,克俭克勤,,
4486,3,1,刻鹄成鹜,,
4487,3,1,刻骨崩心,,
4488,2,1,克伐怨欲,,
4489,3,1,克逮克容,,
4490,3,1,刻翠裁红,,
4491,2,1,克传弓冶,,
4492,3,1,刻不容松,,
4493,3,1,刻不待时,,
4494,2,1,克爱克威,,
4495,3,1,尻舆神马,,
4496,3,1,靠天吃饭,,
4497,2,1,亢心憍气,,
4498,3,1,慷慨仗义,,
4499,3,1,慷慨捐生,,
4500,2,1,慷慨激烈,,
4501,3,1,亢极之悔,,
4502,3,1,糠豆不赡,,
4503,2,1,坎止流行,,
4504,3,1,侃侃訚訚,,
4505,3,1,侃侃而言,,
4506,2,1,侃侃谔谔,,
4507,3,1,看风使帆,,
4508,3,1,拏云握雾,,
4509,2,1,开云见天,,
4510,3,1,开心见胆,,
4511,3,1,开心见肠,,
4512,2,1,开山始祖,,
4513,3,1,慨然应允,,
4514,3,1,开眉展眼,,
4515,2,1,开眉笑眼,,
4516,3,1,开利除害,,
4517,3,1,开来继往,,
4518,2,1,开阔眼界,,
4519,3,1,开口见胆,,
4520,3,1,开阶立极,,
4521,2,1,开疆展土,,
4522,3,1,看杀卫玠,,
4523,3,1,刻鹄类鹜,,
4524,2,1,苦难深重,,
4525,3,1,苦乐不均,,
4526,3,1,哭天抹泪,,
4527,2,1,可心如意,,
4528,3,1,宽仁大度,,
4529,3,1,空室清野,,
4530,2,1,磕头礼拜,,
4531,3,1,旷达不羁,,
4532,3,1,枯木死灰,,
4533,2,1,口角春风,,
4534,3,1,控名责实,,
4535,3,1,戮力壹心,,
4536,2,1,路绝人稀,,
4537,3,1,鲁斤燕削,,
4538,3,1,露己扬才,,
4539,2,1,履机乘变,,
4540,3,1,露红烟紫,,
4541,3,1,露红烟绿,,
4542,2,1,鲁戈挥日,,
4543,3,1,鲁戈回日,,
4544,3,1,率尔成章,,
4545,2,1,露胆披肝,,
